,company,number,state
0,180 Life Sciences Corp.,0001690080,CA
1,3 DIMENSIONAL PHARMACEUTICALS INC,0000914201,PA
2,3SBio Inc.,0001383790,F4
3,4D Pharma PLC,0001830162,X0
4,"89bio, Inc.",0001785173,CA
5,"9 METERS BIOPHARMA, INC.",0001551986,NC
6,ABATTIS BIOCEUTICALS CORP,0001515768,A1
7,ABBOTT BIOTHERAPEUTICS CORP,0001441848,CA
8,ABBOTT LABORATORIES,0000001800,IL
9,AbbVie Inc.,0001551152,IL
10,AbbVie Private Ltd,0001616675,X0
11,AbCellera Biologics Inc.,0001703057,A1
12,ABEONA THERAPEUTICS INC.,0000318306,NY
13,Abpro Corp,0001670356,MA
14,"Abraxis BioScience, Inc.",0001409012,CA
15,"ABVC BIOPHARMA, INC.",0001173313,CA
16,AC Immune SA,0001651625,V8
17,ACADIA PHARMACEUTICALS INC,0001070494,CA
18,ACAMBIS PLC,0001073965,X0
19,Acasti Pharma Inc.,0001444192,A8
20,"Accelerated Pharma, Inc.",0001630970,IL
21,ACCENTIA BIOPHARMACEUTICALS INC,0001310094,FL
22,AccuStem Sciences Ltd,0001850767,X0
23,ACELRX PHARMACEUTICALS INC,0001427925,CA
24,Acer Therapeutics Inc.,0001069308,MA
25,"Achaogen, Inc.",0001301501,CA
26,ACHILLION PHARMACEUTICALS INC,0001070336,CT
27,"Aclaris Therapeutics, Inc.",0001557746,PA
28,"Acologix, Inc.",0001372411,CA
29,"Actinium Pharmaceuticals, Inc.",0001388320,NY
30,ACTIVBIOTICS INC,0001234620,MA
31,Acucela Japan KK,0001669671,M0
32,"ACURA PHARMACEUTICALS, INC",0000786947,IL
33,ACUSPHERE INC,0001115143,MA
34,Adagene Inc.,0001818838,F4
35,Adamas Pharmaceuticals Inc,0001328143,CA
36,Adamis Pharmaceuticals Corp,0000887247,CA
37,"Adams Respiratory Therapeutics, Inc.",0001319439,NJ
38,ADC Therapeutics SA,0001771910,V8
39,Addex Therapeutics Ltd.,0001574232,V8
40,ADDISON DAVIS DIAGNOSTICS,0000932127,CA
41,ADERIS PHARMACEUTICALS INC,0001164722,MA
42,"Adgero Biopharmaceuticals Holdings, Inc.",0001657598,NJ
43,"Adhera Therapeutics, Inc.",0000737207,NC
44,"ADIAL PHARMACEUTICALS, INC.",0001513525,VA
45,"Adicet Bio, Inc.",0001720580,MA
46,"Aditx Therapeutics, Inc.",0001726711,CA
47,"ADNEXUS THERAPEUTICS, INC.",0001226847,MA
48,ADOLOR CORP,0001076167,PA
49,Advanced Accelerator Applications S.A.,0001611787,I0
50,Advanced Inhalation Therapies (AIT) Ltd.,0001602294,L3
51,ADVANCED NUTRACEUTICALS INC,0001070270,NJ
52,ADVANCED VIRAL RESEARCH CORP,0000786623,NY
53,ADVANZ PHARMA Corp.,0001642271,A6
54,"Advaxis, Inc.",0001100397,NJ
55,"Aegerion Pharmaceuticals, Inc.",0001338042,MA
56,"Aeglea BioTherapeutics, Inc.",0001636282,TX
57,"AEOLUS PHARMACEUTICALS, INC.",0001261734,CA
58,"AEON Biopharma, Inc.",0001622667,CA
59,"Aerpio Pharmaceuticals, Inc.",0001422142,OH
60,Aeterna Zentaris Inc.,0001113423,A8
61,Affimed N.V.,0001608390,2M
62,AFFYMAX INC,0001158223,CA
63,"AgeX Therapeutics, Inc.",0001708599,CA
64,AGILE THERAPEUTICS INC,0001261249,NJ
65,"AGIOS PHARMACEUTICALS, INC.",0001439222,MA
66,AGOURON PHARMACEUTICALS INC,0000811210,CA
67,AIDA PHARMACEUTICALS INC,0001220286,F4
68,AILERON THERAPEUTICS INC,0001420565,MA
69,"Aimmune Therapeutics, Inc.",0001631650,CA
70,"Ainos, Inc.",0001014763,TX
71,Akari Therapeutics Plc,0001541157,NY
72,"AKCEA THERAPEUTICS, INC.",0001662524,MA
73,"Akebia Therapeutics, Inc.",0001517022,MA
74,AKELA PHARMA INC.,0001414592,A8
75,"Akero Therapeutics, Inc.",0001744659,CA
76,"AKESIS PHARMACEUTICALS, INC.",0001042420,CA
77,AKORN INC,0000003116,IL
78,"Akouos, Inc.",0001722271,MA
79,"ALBIREO PHARMA, INC.",0001322505,MA
80,"Alchemy Kings, Inc.",0001738818,CA
81,ALDER BIOPHARMACEUTICALS INC,0001423824,WA
82,"Aldeyra Therapeutics, Inc.",0001341235,MA
83,"ALEXION PHARMACEUTICALS, INC.",0000899866,MA
84,Alexza Pharmaceuticals Inc.,0001344413,CA
85,ALGORX PHARMACEUTICALS INC,0001139029,NJ
86,ALGOS PHARMACEUTICAL CORP,0000924862,NJ
87,ALIMERA SCIENCES INC,0001267602,GA
88,ALKERMES CLINICAL PARTNERS LP,0001000688,MA
89,ALKERMES INC,0000874663,MA
90,Alkermes plc.,0001520262,L2
91,Allakos Inc.,0001564824,CA
92,"Allegro Ophthalmics, LLC",0001631466,CA
93,Allergan Capital Sarl,0001620555,N4
94,Allergan Finance LLC,0000884629,NJ
95,Allergan Funding SCS,0001620554,N4
96,ALLERGAN INC,0000850693,CA
97,ALLERGAN LIGAND RETINOID THERAPEUTICS INC,0000934592,CA
98,Allergan plc,0001578845,L2
99,ALLERGAN SPECIALTY THERAPEUTICS INC,0001049711,CA
100,ALLOS THERAPEUTICS INC,0001097264,CO
101,"ALNYLAM PHARMACEUTICALS, INC.",0001178670,MA
102,ALPHA BETA TECHNOLOGY INC,0000841168,MA
103,ALPHARMA INC,0000730469,NJ
104,"ALPINE IMMUNE SCIENCES, INC.",0001626199,WA
105,ALSERES PHARMACEUTICALS INC /DE,0000094784,MA
106,ALTANA    AKTIENGESELLSCHAFT,0001182802,M2
107,ALTANA AKTIENGESELLSCHAFT,0001173324,I9
108,ALTAREX CORP,0001046403,A0
109,ALTERITY THERAPEUTICS LTD,0001131343,C3
110,"Altimmune, Inc.",0001326190,MD
111,Altovida Inc.,0001529293,X0
112,ALX ONCOLOGY HOLDINGS INC,0001810182,CA
113,ALZA CORP,0000004310,CA
114,ALZA TTS RESEARCH PARTNERS LTD,0000710178,CA
115,"Alzamend Neuro, Inc.",0001677077,FL
116,"ALZHEON, INC.",0001582636,MA
117,"AMAG PHARMACEUTICALS, INC.",0000792977,MA
118,"Amarantus Bioscience Holdings, Inc.",0001424812,CA
119,AMARIN CORP PLC,0001120246,X0
120,AMARIN CORP PLC\UK,0000897448,L2
121,AMAZING NUTRITIONALS INC,0001276050, 
122,AMAZON BIOTECH INC,0001088781,NY
123,AMAZON NATURAL TREASURES INC,0000844055,NV
124,AMBIT BIOSCIENCES CORP,0001131543,CA
125,AMBRX INC,0001264647,CA
126,America Great Health,0001098009,CA
127,AMERICAN BIO MEDICA CORP,0000896747,NY
128,AMERICAN ORIENTAL BIOENGINEERING INC,0001090514,F4
129,AMERICAN PHARMACEUTICAL CO /DE,0000864494,NJ
130,AMERICAN PREMIUM WATER Corp,0001096328,CA
131,AMERIMMUNE PHARMACEUTICALS INC,0000818808,NV
132,Amersin Life Sciences CORP,0001009919,F4
133,AMGEN BOULDER INC,0000730358,CO
134,"AMICUS THERAPEUTICS, INC.",0001178879,PA
135,"Amneal Pharmaceuticals, Inc.",0001723128, 
136,"Amphastar Pharmaceuticals, Inc.",0001297184,CA
137,"Ampio Pharmaceuticals, Inc.",0001411906,CO
138,Amryt Pharma plc,0001783010,X0
139,AMYLIN PHARMACEUTICALS INC,0000881464,CA
140,"Anacor Pharmaceuticals, Inc.",0001411158,CA
141,ANADYS PHARMACEUTICALS INC,0001128495,CA
142,"ANAPTYSBIO, INC",0001370053,CA
143,"ANDAIN, INC.",0001321502,NV
144,ANDRX CORP,0000911755,FL
145,ANDRX CORP /DE/,0001123337,FL
146,"Anebulo Pharmaceuticals, Inc.",0001815974,TX
147,"ANESIVA, INC.",0001131517,CA
148,ANESTA CORP /DE/,0000915916,UT
149,"AngioGenex, Inc.",0001085596,NY
150,Angion Biomedica Corp.,0001601485,NY
151,"AngioSoma, Inc.",0001502152,WA
152,ANI PHARMACEUTICALS INC,0001023024,MN
153,Anixa Biosciences Inc,0000715446,CA
154,"Annexon, Inc.",0001528115,CA
155,"Annovis Bio, Inc.",0001477845,PA
156,AnorMED Inc.,0001341988,A1
157,ANTERIOS INC,0001390085,NY
158,Anthera Pharmaceuticals Inc,0001316175,CA
159,ANTIGENICS INC,0000785189,PA
160,"AOXING PHARMACEUTICAL COMPANY, INC.",0001060426,CA
161,"Apellis Pharmaceuticals, Inc.",0001492422,MA
162,"Apexigen, Inc.",0001575867,CA
163,APOLLO BIOPHARMACEUTICS INC,0001029495,MA
164,"APP Pharmaceuticals, Inc.",0001141399,IL
165,Applied Molecular Transport Inc.,0001801777,CA
166,Applied Therapeutics Inc.,0001697532,NY
167,"Aprea Therapeutics, Inc.",0001781983,MA
168,Aptalis Holdings Inc.,0001588172,NJ
169,Aptalis Pharma Inc,0001444570,AL
170,Aptevo Therapeutics Inc.,0001671584,WA
171,Aptinyx Inc.,0001674365,IL
172,Aptorum Group Ltd,0001734005,X0
173,"Aquestive Therapeutics, Inc.",0001398733,NJ
174,Aralez Pharmaceuticals Plc,0001648419,L2
175,ARAMED INC,0000880122,CA
176,"ARATANA THERAPEUTICS, INC.",0001509190,KS
177,"Aravive, Inc.",0001513818,TX
178,Arbutus Biopharma Corp,0001447028,A1
179,Archemix Corp.,0001143527,MA
180,ARCHON INC,0000007105,CA
181,Arcturus Therapeutics Holdings Inc.,0001768224,CA
182,Arcturus Therapeutics Ltd.,0001566049,CA
183,"Arcus Biosciences, Inc.",0001724521,CA
184,"Arcutis Biotherapeutics, Inc.",0001787306,CA
185,"Ardea Biosciences, Inc./DE",0001103390,CA
186,"ARDELYX, INC.",0001437402,CA
187,ARENA PHARMACEUTICALS INC,0001080709,CA
188,ARGOS THERAPEUTICS INC,0001105533,NC
189,"Aridis Pharmaceuticals, Inc.",0001614067,CA
190,"ARMO BioSciences, Inc.",0001693664,CA
191,"Arno Therapeutics, Inc",0001195116,NJ
192,"Arog Pharmaceuticals, Inc.",0001753850,TX
193,ARONEX PHARMACEUTICALS INC,0000854691,TX
194,ARQULE INC,0001019695,MA
195,ARRAY BIOPHARMA INC,0001100412,CO
196,"ARROWHEAD PHARMACEUTICALS, INC.",0000879407,CA
197,"ARTELO BIOSCIENCES, INC.",0001621221,CA
198,"ARVINAS, INC.",0001655759,CT
199,"ARYx Therapeutics, Inc.",0001410064,CA
200,Ascendis Pharma A/S,0001612042,G7
201,ASCENT PEDIATRICS INC,0001019731,MA
202,ASIA BIOTECHNOLOGY GROUP INC,0001302646,F4
203,ASLAN Pharmaceuticals Ltd,0001722926,U0
204,Aspreva Pharmaceuticals CORP,0001314026,A1
205,Aspyron Inc,0001706184,NY
206,"ASSEMBLY BIOSCIENCES, INC.",0001426800,CA
207,"Assertio Holdings, Inc.",0001808665,IL
208,"Assertio Therapeutics, Inc",0001005201,IL
209,"Astex Pharmaceuticals, Inc",0000919722,CA
210,ASTRALIS LTD,0001099066,NJ
211,ASTRAZENECA PLC,0000901832,X0
212,ATAI Life Sciences B.V.,0001840904,NY
213,"Atea Pharmaceuticals, Inc.",0001593899,MA
214,ATHENA NEUROSCIENCES INC/DE,0000807807,CA
215,"Athenex, Inc.",0001300699,NY
216,ATHEROGENICS INC,0001107601,GA
217,AtheroNova Inc.,0001377053,CA
218,ATHERSYS INC /OH,0001051521,OH
219,"ATHERSYS, INC / NEW",0001368148,OH
220,"ATOSSA THERAPEUTICS, INC.",0001488039,WA
221,"Atreca, Inc.",0001532346,CA
222,ATRIX LABORATORIES INC,0000809875,CO
223,"AUDEO ONCOLOGY, INC.",0001552899,CA
224,"AURIGA LABORATORIES, INC.",0001072313,CA
225,Aurinia Pharmaceuticals Inc.,0001600620,A1
226,Auris Medical Holding Ltd.,0001601936,D0
227,Auris Medical NewCo Holding AG,0001733011,V8
228,"Auspex Pharmaceuticals, Inc.",0001454189,CA
229,AUXILIUM PHARMACEUTICALS INC,0001182129,PA
230,AVADEL PHARMACEUTICALS PLC,0001012477,L2
231,AVALON PHARMACEUTICALS INC,0001162192,MD
232,"AVANIR PHARMACEUTICALS, INC.",0000858803,CA
233,AVEDRO INC,0001343304,MA
234,AVENTIS,0000807198,I0
235,AVENTIS INC,0000217028,DE
236,"AVENUE THERAPEUTICS, INC.",0001644963,NY
237,"AVEO PHARMACEUTICALS, INC.",0001325879,MA
238,"Avid Bioservices, Inc.",0000704562,CA
239,"Avidity Biosciences, Inc.",0001599901,CA
240,"Avogenx, Inc.",0001621833,NC
241,Avricore Health Inc.,0001355736,A1
242,AVVAA WORLD HEALTH CARE PRODUCTS INC,0001092534,A1
243,AXCAN PHARMA INC,0001116094,A8
244,"AXIM BIOTECHNOLOGIES, INC.",0001514946,CA
245,AXM PHARMA INC,0001113643,CA
246,AXOGEN LTD,0001026113,D0
247,"Axsome Therapeutics, Inc.",0001579428,NY
248,AXXESS PHARMA INC.,0001103309,A6
249,AXYS PHARMACEUTICALS INC,0000913056,CA
250,"AYTU BIOPHARMA, INC",0001385818,CO
251,AYURCORE INC,0001050481,CA
252,Azur Pharma Public Ltd Co,0001529938,L2
253,"AzurRx BioPharma, Inc.",0001604191,FL
254,"Bactolac Pharmaceutical, Inc.",0000913614,CO
255,BANGI INC.,0001327238,MI
256,BARR PHARMACEUTICALS INC,0000010081,NJ
257,BARRIER THERAPEUTICS INC,0001173657,NJ
258,Basilea Pharmaceutica Ltd.,0001651595,V8
259,Bausch Health Companies Inc.,0000885590,A8
260,Baxalta Inc,0001620546,IL
261,BAYER AKTIENGESELLSCHAFT,0001144145,2M
262,BAYER SCHERING PHARMA AKTIENGESELLSCHAFT,0001124139,2M
263,"Bayhill Therapeutics, Inc.",0001290157,CA
264,BAYLOR INDUSTRIES INC,0001115377,TX
265,BCTG Acquisition Corp.,0001819133,CA
266,"BeiGene, Ltd.",0001651308,E9
267,"Beijing Century Health Medical, Inc.",0001352482,K3
268,"Bellerophon Therapeutics, Inc.",0001600132,NJ
269,"BELLICUM PHARMACEUTICALS, INC",0001358403,TX
270,BELLUS Health Inc.,0001259942,A8
271,"Benda Pharmaceutical, Inc.",0000705868,F4
272,Benitec Biopharma Inc.,0001808898,CA
273,Benitec Biopharma LTD/ADR,0001552795,C3
274,BENTLEY PHARMACEUTICALS INC,0000821616,NH
275,"Bespoke Extracts, Inc.",0001409197,FL
276,BetterLife Pharma Inc.,0001464165,A1
277,BeyondSpring Inc.,0001677940,NY
278,BICYCLE THERAPEUTICS plc,0001761612,X0
279,Big Rock Partners Acquisition Corp.,0001719406,FL
280,BIGMAR INC,0001012466,OH
281,BIO BRIDGE SCIENCE INC,0001309304,IL
282,Bio Essence Corp,0001723059,CA
283,BIO-PATH HOLDINGS INC,0001133818,TX
284,BIOACCELERATE HOLDINGS INC,0001119700,NY
285,BIOCANCELL THERAPEUTICS INC.,0001451980,L3
286,"BIOCOL, INC.",0001101373,TX
287,BIOCRAFT LABORATORIES INC,0000763043,NJ
288,BIODELIVERY SCIENCES INTERNATIONAL INC,0001103021,NC
289,BIOENVISION INC,0001028205,NY
290,Biofrontera AG,0001712641,2M
291,Biohaven Pharmaceutical Holding Co Ltd.,0001689813,CT
292,Biohaven Specialty Pharma Ltd.,0001774021,CT
293,"Biolex Therapeutics, Inc.",0001407698,NC
294,BioLineRx Ltd.,0001498403,L3
295,"BiologX, Inc.",0001834083,TX
296,BIOMARIN PHARMACEUTICAL INC,0001048477,CA
297,BIOMARINE TECHNOLOGIES INC,0000902532,FL
298,"Biomea Fusion, Inc.",0001840439,CA
299,BIONET TECHNOLOGIES INC,0000799723,SC
300,BIONOVO INC,0001203957,CA
301,"BIOPHARM ASIA, INC.",0001080908,F4
302,Biophytis SA,0001768946,I0
303,BIOPROGRESS PLC,0001210959, 
304,Bioquest Corp,0001568628,CA
305,BIOSPECIFICS TECHNOLOGIES CORP,0000875622,NY
306,"Biostar Pharmaceuticals, Inc.",0001418133,F4
307,BIOSYNTECH INC,0001094017,A8
308,BIOTECH HOLDINGS LTD,0001018153,A1
309,Biotie Therapies Corp.,0001579695,H9
310,BIOTRANSPLANT INC,0000880259,MA
311,BIOVAIL CORP,0001108349,A6
312,Bioverativ Inc.,0001681689,MA
313,BIOVEST INTERNATIONAL INC,0000704384,FL
314,BIOVIE INC.,0001580149,CA
315,"BioXcel Therapeutics, Inc.",0001720893,CT
316,"BIOXYTRAN, INC",0001445815,MA
317,BLAIR JAMES C,0001024000, 
318,Blueprint Medicines Corp,0001597264,MA
319,BODY & MIND INC.,0001715611,A1
320,"Bohai Pharmaceuticals Group, Inc.",0001443242,F4
321,"Bolt Biotherapeutics, Inc.",0001641281,CA
322,BONE CARE INTERNATIONAL INC,0001009405,WI
323,"Boston Therapeutics, Inc.",0001473579,MA
324,BRADLEY PHARMACEUTICALS INC,0000864268,NJ
325,"Braeburn Pharmaceuticals, Inc.",0001688765,NJ
326,BRESAGEN LTD,0001132541,C3
327,BriaCell Therapeutics Corp.,0001610820,A1
328,"BridgeBio Pharma, Inc.",0001743881,CA
329,BRISTOL MYERS SQUIBB CO,0000014272,NY
330,"Brooklyn ImmunoTherapeutics, Inc.",0000748592,NY
331,CADE STRUKTUR CORP,0000886218,A6
332,CADENCE PHARMACEUTICALS INC,0001333248,CA
333,Cadista Holdings Inc.,0001521762,MD
334,"Calithera Biosciences, Inc.",0001496671,CA
335,Calliditas Therapeutics AB,0001795579,V7
336,CALLISTO PHARMACEUTICALS INC,0001142380,NY
337,CAMBREX CORP,0000820081,NJ
338,CAMBRIDGE NEUROSCIENCE INC,0000874384,MA
339,Can-Fite BioPharma Ltd.,0001536196,L3
340,"Cancer Prevention Pharmaceuticals, Inc.",0001471002,AZ
341,Cannabics Pharmaceuticals Inc.,0001343009,MD
342,"CANNABINOID BIOSCIENCES, INC.",0001760319,CA
343,"CANNABIS SCIENCE, INC.",0001024626,CA
344,"CANNAPHARMARX, INC.",0001081938,A0
345,"CANNAPOWDER, INC.",0001086082,L3
346,Cantabio Pharmaceuticals Inc.,0001550518,CA
347,"CANTEX PHARMACEUTICALS, INC.",0001374961,FL
348,"CAPRICOR THERAPEUTICS, INC.",0001133869,CA
349,Capstone Therapeutics Corp.,0000887151,AZ
350,"Cara Therapeutics, Inc.",0001346830,CT
351,CARACO PHARMACEUTICAL LABORATORIES LTD,0000887708,MI
352,"CARDAX, INC.",0001544238,HI
353,"CardioVascular BioTherapeutics, Inc.",0001303497,NV
354,"CareClix Holdings, Inc.",0001750384,FL
355,CARTER WALLACE INC /DE/,0000018000,NY
356,CASSAVA SCIENCES INC,0001069530,TX
357,CATABASIS PHARMACEUTICALS INC,0001454789,MA
358,"Catalent Pharma Solutions, Inc.",0001416083,NJ
359,"Catalent, Inc.",0001596783,NJ
360,"CATALYST BIOSCIENCES, INC.",0001124105,CA
361,"CATALYST PHARMACEUTICALS, INC.",0001369568,FL
362,CATALYTICA INC,0000841466,CA
363,"CATCH BY GENE, INC.",0001497590,M5
364,"Cavit Sciences, Inc.",0001368502,NJ
365,CDC VENTURE INVESTMENT ASIA LTD,0001055375,NJ
366,Celator Pharmaceuticals Inc,0001327467,NJ
367,CELGENE CORP /DE/,0000816284,NJ
368,CELL GENESYS INC,0000865231,CA
369,CELL PATHWAYS INC,0000925732,PA
370,CELL PATHWAYS INC /DE,0001066284,PA
371,"Cell Source, Inc.",0001569340,NY
372,CELLCYTE GENETICS CORP,0001325279,WA
373,"Cellectar Biosciences, Inc.",0001279704,NJ
374,CELLTECH GROUP PLC,0000877799,X0
375,Celsion CORP,0000749647,NJ
376,CELTRIX PHARMACEUTICALS INC,0000871395,CA
377,Celyad Oncology SA,0001637890,C9
378,CEN BIOTECH INC,0001653821,A6
379,CENES PHARMACEUTICALS PLC,0001116931,X0
380,CENTAUR PHARMACEUTICALS INC,0000911369,CA
381,Centessa Pharmaceuticals Ltd,0001847903,X0
382,Centrexion Therapeutics Corp,0001592052,MA
383,CEPHALON INC,0000873364,PA
384,CepTor CORP,0001231472,MD
385,Cerecor Inc.,0001534120,MD
386,"Cerevel Therapeutics Holdings, Inc.",0001805387,MA
387,CHANTAL PHARMACEUTICAL CORP,0000721408,CA
388,CHATTEM INC,0000019520,TN
389,"Checkpoint Therapeutics, Inc.",0001651407,NY
390,"CHEMBIO DIAGNOSTICS, INC.",0001092662,NY
391,CHEMGENEX PHARMACEUTICALS LTD,0001175965,C3
392,"ChemoCentryx, Inc.",0001340652,CA
393,Chemomab Therapeutics Ltd.,0001534248,L3
394,CHESAPEAKE BIOLOGICAL LABORATORIES INC,0000799485,MD
395,"CHIASMA, INC",0001339469,MA
396,CHIMERIX INC,0001117480,NC
397,China Bio-Immunity CORP,0001345479,A6
398,"CHINA BIOPHARMA, INC.",0001190132,F4
399,CHINA BIOPHARMACEUTICALS HOLDINGS INC,0000352868,F4
400,China Botanic Pharmaceutical,0000926844,F4
401,"China Dongsheng International, Inc.",0000946112,F4
402,"China Health Industries Holdings, Inc.",0001309057,F4
403,"CHINA HEALTH RESOURCE, INC.",0001173784,F4
404,"China Kangtai Cactus Bio-tech, Inc.",0001017699,F4
405,China Nuokang Bio-Pharmaceutical Inc.,0001474952,F4
406,"CHINA PEDIATRIC PHARMACEUTICALS, INC.",0001354071,F4
407,"CHINA PHARMA HOLDINGS, INC.",0001106644,F4
408,China Pharmaceuticals Inc,0001341808,F4
409,"China Polypeptide Group, Inc.",0001435530,F4
410,"China QinBa Pharmaceuticals, Inc.",0001452777,F4
411,China Shenghuo Pharmaceutical Holdings Inc,0001335106,F4
412,"CHINA SKY ONE MEDICAL, INC.",0000798985,F4
413,"China SXT Pharmaceuticals, Inc.",0001723980,F4
414,"CHINOOK THERAPEUTICS, INC.",0001435049,WA
415,CHIREX INC,0001005407,CT
416,CHIRON CORP,0000706539,CA
417,CIMA LABS INC,0000833298,MN
418,CIPHER PHARMACEUTICALS INC,0001358575,A6
419,CIRCA PHARMACEUTICALS INC,0000013006,NY
420,"Cirius Therapeutics, Inc.",0001702956,CA
421,"Citius Pharmaceuticals, Inc.",0001506251,NJ
422,CLARUS THERAPEUTICS INC,0001286162, 
423,"Clearside Biomedical, Inc.",0001539029,GA
424,Clementia Pharmaceuticals Inc.,0001647320,A8
425,Clene Inc.,0001822791,UT
426,CLEVELAND BIOLABS INC,0001318641,NY
427,Clever Leaves Holdings Inc.,0001819615,NY
428,CLINICAL DATA INC,0000716646,MA
429,CLINICHEM DEVELOPMENT INC,0001054396,A8
430,"Clovis Oncology, Inc.",0001466301,CO
431,"CNS Pharmaceuticals, Inc.",0001729427,TX
432,Cobalis Corp,0001166414,CA
433,COCENSYS INC,0000895034,CA
434,"Cocrystal Pharma, Inc.",0001412486,WA
435,"Cogent Biosciences, Inc.",0001622229,MA
436,"CohBar, Inc.",0001522602,CA
437,"CoLabs Int'l, Corp.",0001584879,CA
438,"Coley Pharmaceutical Group, Inc.",0001319197,MA
439,COLLAGENEX PHARMACEUTICALS INC,0001012270,PA
440,"COLLEGIUM PHARMACEUTICAL, INC",0001267565,MA
441,COLORADO BIOLABS INC,0001050803,CO
442,"CoLucid Pharmaceuticals, Inc.",0001348649,MA
443,COMPARE GENERIKS INC,0001005283,NY
444,COMPASS Pathways plc,0001816590,X0
445,"CONCERT PHARMACEUTICALS, INC.",0001367920,MA
446,Connect Biopharma Holdings Ltd,0001835268,F4
447,CONNETICS CORP,0001004960,CA
448,CONRAD HERBERT,0001024001,CA
449,CONSTELLATION PHARMACEUTICALS INC,0001434418,MA
450,CONTRAFECT Corp,0001478069,NY
451,CONTROL DELIVERY SYSTEMS INC/MA,0001123959,MA
452,COOK JOSEPH C JR,0001024003, 
453,COPLEY PHARMACEUTICAL INC,0000829987,MA
454,COR THERAPEUTICS INC / DE,0000874865,CA
455,"Corbus Pharmaceuticals Holdings, Inc.",0001595097,MA
456,CORCEPT THERAPEUTICS INC,0001088856,CA
457,"Corium International, Inc.",0001594337,CA
458,CorMedix Inc.,0001410098,NJ
459,CORNERSTONE PHARMACEUTICALS INC,0001166509,NJ
460,CORNERSTONE THERAPEUTICS INC,0001145404,NC
461,Correvio Pharma Corp.,0001036141,A1
462,CORUS PHARMA INC,0001143714,WA
463,CORVAS INTERNATIONAL INC,0000882100,CA
464,"Corvus Pharmaceuticals, Inc.",0001626971,CA
465,"Cougar Biotechnology, Inc.",0001335102,CA
466,COULTER PHARMACEUTICALS INC,0000942416,CA
467,"CPEX Pharmaceuticals, Inc.",0001418919,NH
468,CQENS Technologies Inc.,0001479915,MN
469,CRAWFORD DEBRA P,0001279192,CA
470,CRESCENDO PHARMACEUTICALS CORP,0001042138,CA
471,"Crinetics Pharmaceuticals, Inc.",0001658247,CA
472,"Cryoport, Inc.",0001124524,TN
473,CTI BIOPHARMA CORP,0000891293,WA
474,CUBIST PHARMACEUTICALS INC,0000912183,MA
475,"Cue Biopharma, Inc.",0001645460,MA
476,CUMBERLAND PHARMACEUTICALS INC,0001087294,TN
477,"CuraTech Industries, Inc.",0001302143,UT
478,CURAXIS PHARMACEUTICAL Corp,0001170723,2Q
479,CURAXIS PHARMACEUTICAL Corp,0001434893,NC
480,Cure Pharmaceutical Holding Corp.,0001643301,CA
481,CureVac N.V.,0001809122,2M
482,CUTANEA LIFE SCIENCES INC,0001374049,PA
483,"CV Sciences, Inc.",0001510964,CA
484,Cyclacel Group plc,0001292522,X0
485,"Cyclacel Pharmaceuticals, Inc.",0001130166,NJ
486,"Cyclerion Therapeutics, Inc.",0001755237,MA
487,"CyDex Pharmaceuticals, Inc.",0001036279,KS
488,"CymaBay Therapeutics, Inc.",0001042074,CA
489,CytoDyn Inc.,0001175680,WA
490,CYTOGEN CORP,0000725058,NJ
491,CYTOKINETICS INC,0001061983,CA
492,"CytomX Therapeutics, Inc.",0001501989,CA
493,DAIICHI PHARMACEUTICAL CO LTD,0001072980,M0
494,"Daiichi Sankyo Company, LTD",0001340156,M0
495,DANBURY PHARMACAL INC,0001054696,NJ
496,DANBURY PHARMACAL PUERTO RICO INC,0001054698,NJ
497,Dance Biopharm Inc.,0001596126,CA
498,"Dare Bioscience, Inc.",0001401914,CA
499,DAVIS MICHAEL A,0001127422,MA
500,Day One Biopharmaceuticals Holding Co LLC,0001845337,CA
501,"Decibel Therapeutics, Inc.",0001656536,MA
502,"Deciphera Pharmaceuticals, Inc.",0001654151,MA
503,DEEGAN GLENN E.,0001254044,MA
504,DELUCCIA ROBERT J,0001127423, 
505,DENBY WILLIAM C,0001279193,CA
506,DENDREON CORP,0001107332,WA
507,DEPOTECH CORP,0000931686,CA
508,DEPRENYL ANIMAL HEALTH INC,0000870758,KS
509,Dermavant Sciences Ltd,0001753483,AZ
510,"Dermira, Inc.",0001557883,CA
511,DESERT HEALTH PRODUCTS INC,0001097570,AZ
512,DESERT WEST MARKETING INC,0001083403,NV
513,"Design Therapeutics, Inc.",0001807120,CA
514,DEY INC,0001066046,CA
515,"Diadexus, Inc.",0001036968,CA
516,DIAGNOSTIC INTERNATIONAL INC,0001129696,AZ
517,DiaMedica Therapeutics Inc.,0001401040,MN
518,Dicerna Pharmaceuticals Inc,0001399529,MA
519,Diffusion Pharmaceuticals Inc.,0001053691,VA
520,"DNIB UNWIND, INC.",0001385228,MA
521,Dova Pharmaceuticals Inc.,0001685071,NC
522,DR CHRISTOPHERS ORIGINAL FORMULAS INC,0001145493,UT
523,DR REDDYS LABORATORIES LTD,0001135951,K7
524,DRAGON PHARMACEUTICAL INC,0001075206,A1
525,DRAXIS HEALTH INC /CN/,0000845802,A6
526,DRUG RESEARCH CORP PLC,0000866705,L2
527,DUGGER HARRY A III PH D,0001057266,NJ
528,DURA PHARMACEUTICALS INC,0000882098,CA
529,DURAMED PHARMACEUTICALS INC,0000799903,OH
530,"Durata Therapeutics, Inc.",0001544116,IL
531,DURECT CORP,0001082038,CA
532,DUSA PHARMACEUTICALS INC,0000879993,MA
533,DYNAVAX TECHNOLOGIES CORP,0001029142,CA
534,"Dyne Therapeutics, Inc.",0001818794,MA
535,E.i Ventures Inc.,0001823182,HI
536,"EAGLE PHARMACEUTICALS, INC.",0000827871,NJ
537,EARTH DRAGON RESOURCES INC.,0001441247,M0
538,"Earth Science Tech, Inc.",0001538495,FL
539,EASTON PHARMACEUTICALS INC.,0001071272,A6
540,ECHENBERG PAUL S,0001127424,MA
541,"Edesa Biotech, Inc.",0001540159,A6
542,"Edgewise Therapeutics, Inc.",0001710072,NY
543,"EFFECTOR THERAPEUTICS, INC.",0001577561,CA
544,"eGENE, INC.",0001105409,UT
545,"Eidos Therapeutics, Inc.",0001731831,CA
546,"EIP Pharma, Inc.",0001736525,MA
547,ELAN CORP PLC,0000737572,L2
548,ELAN FINANCE CORP LTD,0001094193,D0
549,Elanco Animal Health Inc,0001739104,IN
550,ELECTROPHARMACOLOGY INC,0000934849,CA
551,"Eledon Pharmaceuticals, Inc.",0001404281,CA
552,ELI LILLY & Co,0000059478,IN
553,ELITE PHARMACEUTICALS INC /NV/,0001053369,NJ
554,ELITRA PHARMACEUTICALS INC,0001065766,CA
555,"Elixir Pharmaceuticals, Inc.",0001175784,MA
556,"EMBER THERAPEUTICS, INC. - NY",0000813389,NY
557,Emerald Health Bioceuticals Inc.,0001713164,CA
558,Emerald Health Pharmaceuticals Inc.,0001700800,CA
559,Emerald Health Therapeutics Inc.,0001768225,A1
560,Emergent BioSolutions Inc.,0001367644,MD
561,EMISPHERE TECHNOLOGIES INC,0000805326,NJ
562,"Emmaus Life Sciences, Inc.",0000822370,CA
563,ENANTA PHARMACEUTICALS INC,0001177648,MA
564,ENCYSIVE PHARMACEUTICALS INC,0000887023,TX
565,ENDEAVOR PHARMACEUTICALS INC,0001123624,NC
566,ENDO HEALTH SOLUTIONS INC.,0001100962,PA
567,Endo International plc,0001593034,L2
568,Endo Pharmaceuticals Solutions Inc.,0000854222,MA
569,ENDOCYTE INC,0001235007,IN
570,"ENDONOVO THERAPEUTICS, INC.",0001528172,CA
571,ENHANCE BIOTECH INC,0001124077,NY
572,Enlivex Therapeutics Ltd.,0001596812,L3
573,Enochian Biosciences Inc,0001527728,CA
574,Enosi Life Sciences Corp.,0001822263,CA
575,Entasis Therapeutics Holdings Inc.,0001724344,MA
576,"Enterologics, Inc.",0001483731,MN
577,"ENTEST GROUP, INC.",0001449447,F4
578,"Enumeral Biomedical Holdings, Inc.",0001561551,MA
579,EnzymeBioSystems,0001471968,NV
580,EnzymeBioSystems/Old,0001468135,OH
581,EON LABS INC,0001168061,NY
582,"EPIRUS Biopharmaceuticals, Inc.",0001135906,MA
583,"EPIX Pharmaceuticals, Inc.",0001027702,MA
584,"Epizyme, Inc.",0001571498,MA
585,"Equillium, Inc.",0001746466,CA
586,EQUINE NUTRACEUTICALS INC,0001165726, 
587,"ERBA Diagnostics, Inc.",0001095858,FL
588,ERGO SCIENCE CORP,0001002212,MA
589,ESPERION THERAPEUTICS INC/MI,0001066745,MI
590,"Esperion Therapeutics, Inc.",0001434868,MI
591,ESSA Pharma Inc.,0001633932,A1
592,ESSENTIAL THERAPEUTICS INC,0001010915,MA
593,"Eton Pharmaceuticals, Inc.",0001710340,IL
594,EUGENE SCIENCE,0001107685,M4
595,EURAND N.V.,0001119745,P7
596,"Euthymics Bioscience, Inc.",0001066833,MA
597,"Evelo Biosciences, Inc.",0001694665,MA
598,"Evivrus, Inc.",0001441385,NJ
599,"Evofem Biosciences, Inc.",0001618835,CA
600,Evoke Pharma Inc,0001403708,CA
601,"Evolus, Inc.",0001570562,CA
602,EVOLVE ONCOLOGY INC,0001080129,X0
603,Evotec AG,0001412558,2M
604,"Exicure, Inc.",0001539169,IL
605,"EXICURE, INC.",0001698530,IL
606,EYEGATE PHARMACEUTICALS INC,0001372514,MA
607,"EYENOVIA, INC.",0001682639,NY
608,EYETECH PHARMACEUTICALS INC,0001115285,NY
609,"F-star Therapeutics, Inc.",0001566373,X0
610,FARBER DAVID,0001262311,PA
611,FAULDING INC,0000729069,NJ
612,"FERMAVIR PHARMACEUTICALS, INC.",0001283383,NY
613,"Fibrocell Science, Inc.",0000357097,PA
614,FIBROGEN INC,0000921299,CA
615,"FIRST CHINA PHARMACEUTICAL GROUP, INC.",0001432254,F4
616,"FIVE PRIME THERAPEUTICS, INC.",0001175505,CA
617,Flexion Therapeutics Inc,0001419600,MA
618,Flora Growth Corp.,0001790169,A6
619,Foghorn Therapeutics Inc.,0001822462,MA
620,FOOTSTAR INC,0001011308,NJ
621,"Forest Laboratories, LLC",0000038074,NY
622,"Forte Biosciences, Inc.",0001419041,CA
623,"Fortress Biotech, Inc.",0001429260,NY
624,"Forty Seven, Inc.",0001667633,CA
625,Forward Pharma A/S,0001604924,G7
626,FOWLER DENNIS,0001177173,MA
627,"Frequency Therapeutics, Inc.",0001703647,MA
628,"Fresenius Kabi Pharmaceuticals Holding, Inc.",0001439449,DE
629,FSD Pharma Inc.,0001771885,A6
630,FUISZ TECHNOLOGIES LTD,0000873064,VA
631,"Fulcrum Therapeutics, Inc.",0001680581,MA
632,"Furiex Pharmaceuticals, Inc.",0001484478,NC
633,FUTUREWORLD CORP.,0001273988,FL
634,"G1 Therapeutics, Inc.",0001560241,NC
635,"Gain Therapeutics, Inc.",0001819411,MD
636,GALAPAGOS NV,0001421876,C9
637,GALEA LIFE SCIENCES INC,0000804191,FL
638,GALECTIN THERAPEUTICS INC,0001133416,GA
639,"Galecto, Inc.",0001800315,G7
640,"Galera Therapeutics, Inc.",0001563577,PA
641,Galmed Pharmaceuticals Ltd.,0001595353,L3
642,Gamma Pharmaceuticals Inc,0000904146,NV
643,Gelesis Inc,0001385374,ma
644,GELSTAT CORP,0000890725,FL
645,GELTEX PHARMACEUTICALS INC,0001001425,MA
646,"Gemini Therapeutics, Inc. /DE",0001816736,MA
647,GEN VEC INC,0001060767,MD
648,GENELABS TECHNOLOGIES INC /CA,0000874443,CA
649,GENENTECH INC,0000318771,CA
650,Generation Bio Co.,0001733294,MA
651,GENEREX BIOTECHNOLOGY CORP,0001059784,FL
652,"GeneTether, Inc",0001758217,CA
653,GENETIC VECTORS INC,0001017157,FL
654,GENMAB A/S,0001434265,G7
655,Geno LLC,0001359620,FL
656,GENOMED INC,0001169417,MO
657,Genova Biotherapeutics Inc.,0001364587,NY
658,"Genprex, Inc.",0001595248,TX
659,GENSET S A,0001014622,I0
660,Gentium S.p.A.,0001314755, 
661,GENVEC INC,0000934473,MD
662,"GeoPharma, Inc.",0001098315,FL
663,"GeoVax Labs, Inc.",0000832489,GA
664,GERON CORP,0000886744,CA
665,GFR PHARMACEUTICALS INC,0001096294,A1
666,GLAXO WELLCOME PLC/ENG,0000813633,X0
667,GLAXOSMITHKLINE CAPITAL INC,0001224462,DE
668,GLAXOSMITHKLINE CAPITAL PLC,0001224544,X0
669,GLAXOSMITHKLINE PLC,0001131399,X0
670,"Global Blood Therapeutics, Inc.",0001629137,CA
671,Global Future City Holding Inc.,0001164964,CA
672,GLOBAL GREEN INC.,0001522724,FL
673,GLOBAL HEALTH TRAX INC,0001282405,CA
674,"Global Pharma Labs, Inc.",0001690824,CA
675,"Global Pharmatech, Inc.",0001157300,F4
676,Globavir Biosciences Inc.,0001632042,CA
677,GLOBEIMMUNE INC,0001245104,CO
678,GLYCOMED INC,0000874248,CA
679,GLYCOMIMETICS INC,0001253689,MD
680,"Gossamer Bio, Inc.",0001728117,CA
681,GPC BIOTECH AG,0001117629,J0
682,Gracell Biotechnologies Inc.,0001826492,F4
683,"GRAYBUG VISION, INC.",0001534133,CA
684,"Greater Cannabis Company, Inc.",0001695473,MD
685,"Greenwich LifeSciences, Inc.",0001799788,TX
686,"GridIron BioNutrients, Inc.",0001629205,AZ
687,Grifols SA,0001438569,NY
688,"GT Biopharma, Inc.",0000109657,CA
689,"Guardion Health Sciences, Inc.",0001642375,CA
690,GW PHARMACEUTICALS PLC,0001351288,X0
691,GX Acquisition Corp.,0001752828,NY
692,HALE DAVID F,0001024004, 
693,HALL WARREN E,0001279194,CA
694,"HARBOR DIVERSIFIED, INC.",0000899394,WI
695,"Harmony Biosciences Holdings, Inc.",0001802665,PA
696,"HARROW HEALTH, INC.",0001360214,TN
697,"Health-Right Discoveries, Inc.",0001537663,FL
698,"Healthsport, Inc.",0000777516,CA
699,"HEAT BIOLOGICS, INC.",0001476963,NC
700,HELICOS BIOSCIENCES CORP,0001274563,MA
701,HELIX BIOMEDIX INC,0000831749,WA
702,Helix BioPharma Corp,0001305591,P4
703,HEPBURN  BONNIE,0001279199,CA
704,"HEPI Pharmaceuticals, Inc.",0001402024,AZ
705,"Hepion Pharmaceuticals, Inc.",0001583771,NJ
706,"HERON THERAPEUTICS, INC. /DE/",0000818033,CA
707,HI TECH PHARMACAL CO INC,0000887497,NY
708,HIGH PERFORMANCE BEVERAGES CO.,0001504222,AZ
709,Histogen Inc.,0001383701,CA
710,HMR PHARMA INC,0001030157,MO
711,HOECHST CORP,0000745637,NJ
712,HOECHST MARION ROUSSEL INC,0000062391,MO
713,HOLMLUND JON T,0001227367,CA
714,"Homology Medicines, Inc.",0001661998,MA
715,HOOKIPA Pharma Inc.,0001760542,NY
716,HORIZON PHARMACEUTICAL LLC,0001070698,CA
717,Horizon Therapeutics Public Ltd Co,0001492426,L2
718,HOSPIRA INC,0001274057,IL
719,"Hoth Therapeutics, Inc.",0001711786,NY
720,HOUSTON BIOTECHNOLOGY INC,0000812594,TX
721,"Hoverink Biotechnologies, Inc.",0001586494,CA
722,HOWARD LLEWELLYN ARGENTINA GROUP INC,0001084036,TX
723,"HST Global, Inc.",0000797564,VA
724,Hubei Minkang Pharmaceutical Ltd.,0001375850,U0
725,HUMAN LIFE SCIENCE HOLDING CORP.,0001425640,F4
726,"HUMANIGEN, INC",0001293310,CA
727,HUTCHMED (China) Ltd,0001648257,K3
728,HYPERION THERAPEUTICS INC,0001386858,CA
729,HypGen Inc,0001653629,CA
730,I-Mab,0001778016,F4
731,"IASO BioMed, Inc.",0001662907,CO
732,IASO PHARMA INC,0001422702,CA
733,IBAH INC,0000884252,PA
734,"iBio, Inc.",0001420720,NY
735,ICAGEN INC,0000902622,NC
736,ICN PHARMACEUTICALS INC /DE/,0000049601,CA
737,ICOS CLINICAL PARTNERS LP,0001041886,WA
738,ICOS CORP,0000874294,WA
739,"IDEAYA Biosciences, Inc.",0001676725,CA
740,IDENIX PHARMACEUTICALS INC,0001093649,MA
741,"IDM PHARMA, INC.",0000822206,CA
742,IDT INC,0000940487,PA
743,"IGM Biosciences, Inc.",0001496323,CA
744,"Ignyta, Inc.",0001557421,CA
745,"IKARIA, INC.",0001396990,NJ
746,il2m INTERNATIONAL CORP.,0001520512,CA
747,IMAGENETIX INC,0001086210,CA
748,IMAGENETIX INC /NV/,0000839441,CA
749,IMARA Inc.,0001672619,MA
750,"Imbria Pharmaceuticals, Inc.",0001745672,MA
751,IMCOR PHARMACEUTICAL CO,0000761237,CA
752,IMMAGE BIOTHERAPEUTICS CORP.,0001564273,MD
753,IMMULOGIC PHARMACEUTICAL CORP /DE,0000873731,MA
754,IMMUNE DESIGN CORP.,0001437786,WA
755,IMMUNE PHARMACEUTICALS INC,0001208261,NJ
756,"Immune Therapeutics, Inc.",0001559356,FL
757,"IMMUNIC, INC.",0001280776,2M
758,"ImmunoCellular Therapeutics, Ltd.",0000822411,CA
759,"ImmunoGen, Inc.",0000855654,MA
760,Immunome Inc.,0001472012,PA
761,ImmunoPrecise Antibodies Ltd.,0001715925,A1
762,Immuron Ltd,0001660046,C3
763,IMMUSOL INC,0001017919,CA
764,IMMUTEP Ltd,0001506184,C3
765,"Impax Laboratories, LLC",0001003642,CA
766,IMPEL NEUROPHARMA INC,0001445499,WA
767,IMV Inc.,0001734768,A5
768,IMVISION THERAPEUTICS INC.,0001372230,2M
769,INAMCO INTERNATIONAL CORP,0001114959,NJ
770,INCARA PHARMACEUTICALS CORP,0000936538,NC
771,INDIVIOR PLC,0001625297,X0
772,INERGETICS INC,0000072170,NJ
773,"INFINITY PHARMACEUTICALS, INC.",0001113148,MA
774,InflaRx N.V.,0001708688,2M
775,INKINE PHARMACEUTICAL CO INC,0000929547,PA
776,InMed Pharmaceuticals Inc.,0001728328,A1
777,InNexus Biotechnology Inc,0001278730,A1
778,Innocoll AG,0001603469,L2
779,Innocoll Holdings plc,0001660484,L2
780,Innovation Pharmaceuticals Inc.,0001355250,MA
781,INNOVATIVE DRUG DELIVERY SYSTEMS INC,0001126424,NY
782,"Innoviva, Inc.",0001080014,CA
783,"INNOVUS PHARMACEUTICALS, INC.",0001411879,CA
784,"Inozyme Pharma, Inc.",0001693011,MA
785,"Inpellis, Inc.",0001638851,NJ
786,INSITE VISION INC,0000802724,CA
787,"InSitu Biologics, Inc",0001723443,MN
788,INSMED Inc,0001104506,NJ
789,INSPIRE PHARMACEUTICALS INC,0001040416,NC
790,"Inspyr Therapeutics, Inc.",0001421204,CA
791,"INSYS THERAPEUTICS, INC.",0001409532,AZ
792,"Insys Therapeutics, Inc.",0001516479,AZ
793,"INTARCIA THERAPEUTICS, INC",0001086688,CA
794,Intec Pharma Ltd.,0001638381,L3
795,INTEGRATED BIOPHARMA INC,0001016504,NJ
796,IntelGenx Technologies Corp.,0001098880,A8
797,"Intellect Neurosciences, Inc.",0001337905,NJ
798,INTELLIGENT POLYMERS LTD,0001046214,D0
799,Intellipharmaceutics International Inc.,0001474835,A6
800,"INTERCELL USA, INC.",0001125001,MD
801,"INTERCEPT PHARMACEUTICALS, INC.",0001270073,NY
802,INTERFERON SCIENCES RESEARCH PARTNERS LTD,0000740628,NJ
803,INTERMUNE INC,0001087432,CA
804,INTERNATIONAL CANINE GENETICS INC,0000873166,PA
805,International Stem Cell CORP,0001355790,CA
806,INTERNATURAL PHARMACEUTICALS INC,0001125440,CA
807,INTERPHARM HOLDINGS INC,0000893970,NY
808,"Intra-Cellular Therapies, Inc.",0001567514,NY
809,INTROGEN THERAPEUTICS INC,0001018710,TX
810,Inventiva S.A.,0001756594,I0
811,INYX INC,0001114241,NY
812,IONIS PHARMACEUTICALS INC,0000874015,CA
813,IR BIOSCIENCES HOLDINGS INC,0000793043,AZ
814,Iroko Pharmaceuticals Inc.,0001566717,D8
815,IRONWOOD PHARMACEUTICALS INC,0001446847,MA
816,ISOTOPE SOLUTIONS GROUP INC,0000869709,NY
817,ISTA PHARMACEUTICALS INC,0000930553,CA
818,Iterum Therapeutics plc,0001659323,L2
819,IVAX CORP,0000772197,FL
820,IVC INDUSTRIES INC,0000916614,NJ
821,"IVERIC bio, Inc.",0001410939,NY
822,IXION BIOTECHNOLOGY INC,0000943403,FL
823,"Jaguar Health, Inc.",0001585608,CA
824,"Janux Therapeutics, Inc.",0001817713,CA
825,"JAVELIN PHARMACEUTICALS, INC",0000050710,MA
826,Jazz Pharmaceuticals plc,0001232524,L2
827,JENNER BIOTHERAPIES INC,0000907038,CA
828,"Jiangbo Pharmaceuticals, Inc.",0001091164,F4
829,JOHNSON & JOHNSON,0000200406,NJ
830,JONES PHARMA INC,0000793613,MO
831,JUNIPER PHARMACEUTICALS INC,0000821995,MA
832,JUVA LIFE INC./Canada,0001778651,A1
833,JUVENTAS THERAPEUTICS INC,0001448342,OH
834,K-V Pharmaceutical Co,0000057055,MO
835,KABAKOFF DAVID S,0001024008, 
836,"Kadmon Holdings, Inc.",0001557142,NY
837,"Kala Pharmaceuticals, Inc.",0001479419,MA
838,"KalVista Pharmaceuticals, Inc.",0001348911,MA
839,KAMADA LTD,0001567529,L3
840,"Karuna Therapeutics, Inc.",0001771917,MA
841,"Karver International, Inc.",0001124813,NY
842,Karyopharm Therapeutics Inc.,0001503802,MA
843,"Kaya Holdings, Inc.",0001530746,FL
844,KAZIA THERAPEUTICS LTD,0001075880,C3
845,KBL Healthcare Acquisition Corp III,0001388356,NY
846,"KEMPHARM, INC",0001434647,FL
847,"Keros Therapeutics, Inc.",0001664710,MA
848,KERYX BIOPHARMACEUTICALS INC,0001114220,MA
849,"Kezar Life Sciences, Inc.",0001645666,CA
850,"Kindred Biosciences, Inc.",0001561743,CA
851,KING PHARMACEUTICALS INC,0001047699,TN
852,"Kiniksa Pharmaceuticals, Ltd.",0001730430,D0
853,Kinnate Biopharma Inc.,0001797768,CA
854,"Kintara Therapeutics, Inc.",0001498382,CA
855,"Klox Technologies, Inc.",0001626320,A8
856,KOLLTAN PHARMACEUTICALS INC,0001442835,CT
857,KOS PHARMACEUTICALS INC,0001018952,NJ
858,"Kronos Bio, Inc.",0001741830,CA
859,KUBOTA PHARMACEUTICAL HOLDINGS CO LTD,0001400482,M0
860,KUMAR RATHNAM,0001263326,NY
861,"Kun Run Biotechnology, Inc.",0001393526,A0
862,"Kura Oncology, Inc.",0001422143,CA
863,KYTHERA BIOPHARMACEUTICALS INC,0001436304,CA
864,"Kyto Technology & Life Science, Inc.",0001164888,CA
865,LABOPHARM INC,0001284519, 
866,LABORATORY CHILE INC,0000925507,F3
867,"Landos Biopharma, Inc.",0001785345,VA
868,LANNETT CO INC,0000057725,PA
869,Lantern Pharma Inc.,0001763950,TX
870,LARGE SCALE BIOLOGY CORP,0001108951,CA
871,"Larimar Therapeutics, Inc.",0001374690,PA
872,LARREA BIOSCIENCES CORP,0001175594,WA
873,LAVA Therapeutics NV,0001840748,P7
874,LBC Bioscience Inc.,0001683743,AZ
875,"LEAP THERAPEUTICS, INC.",0001509745,MA
876,Legend Biotech Corp,0001801198,NJ
877,LEINER HEALTH PRODUCTS INC,0001043055,CA
878,Leisure Acquisition Corp.,0001716947,NY
879,LEUKOSITE INC,0000915320,MA
880,Lev Pharmaceuticals Inc,0001144062,NY
881,Lexaria Bioscience Corp.,0001348362,A1
882,"LEXICON PHARMACEUTICALS, INC.",0001062822,TX
883,"LIFEHEALTHCARE, INC.",0001440048,CT
884,Lifevantage Corp,0000849146,UT
885,LIGAND PHARMACEUTICALS INC,0000886163,CA
886,Light Sciences Oncology Inc,0001342272,WA
887,Liminal BioSciences Inc.,0001351172,A8
888,Lipocine Inc.,0001535955,X1
889,Liquidia Corp,0001819576,NC
890,"Live Brands, Inc.",0001559057,CO
891,"LIXTE BIOTECHNOLOGY HOLDINGS, INC.",0001335105,NY
892,"Longboard Pharmaceuticals, Inc.",0001832168,CA
893,Longdan Holding INC,0001417670,CT
894,Longeveron Inc.,0001721484,FL
895,"Lotus Pharmaceuticals, Inc.",0001292087,F4
896,"Loxo Oncology, Inc.",0001581720,CT
897,Luckwel Pharmaceuticals Inc.,0001567098,MA
898,"Lumena Pharmaceuticals, Inc.",0001513157,CA
899,LumiraDx Ltd,0001685428,X0
900,"LUMOS PHARMA, INC.",0001126234,TX
901,"MABVAX THERAPEUTICS HOLDINGS, INC.",0001109196,CA
902,MACROCHEM CORP,0000743884,MA
903,MACROGENICS INC,0001125345,MD
904,"MADRIGAL PHARMACEUTICALS, INC.",0001157601,PA
905,"Magenta Therapeutics, Inc.",0001690585,MA
906,Mallinckrodt Inc.,0001766927,MO
907,Mallinckrodt plc,0001567892,L2
908,MANNKIND CORP,0000899460,CA
909,"Manzo Pharmaceuticals, Inc",0001637132,PA
910,"MAP Pharmaceuticals, Inc.",0001401923,CA
911,MAPI - PHARMA LTD,0001595380,L3
912,"MARAVAI LIFESCIENCES HOLDINGS, INC.",0001823239,CA
913,MARC PHARMACEUTICALS INC,0001179438,CT
914,MARINUS PHARMACEUTICALS INC,0001267813,PA
915,MARIZYME INC,0001413754,FL
916,"Marker Therapeutics, Inc.",0001094038,TX
917,MARSAM PHARMACEUTICAL INC,0001054695,NJ
918,MARSAM PHARMACEUTICALS INC,0000810590,NJ
919,MARTIN PETER G,0001127425,MA
920,"Matinas BioPharma Holdings, Inc.",0001582554,NJ
921,MATRIX PHARMACEUTICAL INC/DE,0000882194,CA
922,MATRIXX INITIATIVES INC,0001006195,AZ
923,Mawson Infrastructure Group Inc.,0001218683,L3
924,MAYNE GROUP LTD,0000869370,C3
925,MCGAW INC,0000883498,CA
926,"MED-X, INC.",0001620704,CA
927,"MedAvail Holdings, Inc.",0001402479,A6
928,MEDCHEM PRODUCTS INC /MA/,0000711074,MA
929,MEDCO RESEARCH INC,0000723385,NC
930,"MedGen, Inc.",0001045707,A2
931,MEDICAL TECHNOLOGY VENTURES INC,0001122797,FL
932,Medicenna Therapeutics Corp.,0001807983,A6
933,MEDICINES CO /DE,0001113481,NJ
934,MEDICINOVA INC,0001226616,CA
935,MEDICIS PHARMACEUTICAL CORP,0000859368,AZ
936,MEDICURE INC,0001133519,A2
937,"MEDIVATION, INC.",0001011835,CA
938,"MEI Pharma, Inc.",0001262104,CA
939,"MELINTA THERAPEUTICS, INC. /NEW/",0001461993,NJ
940,MEMORY PHARMACEUTICALS CORP,0001062216,NJ
941,MENLEY & JAMES INC,0000881462,PA
942,"Merck & Co., Inc.",0000310158,NJ
943,MERCK SHARP & DOHME CORP.,0000064978,NJ
944,Mereo Biopharma Group plc,0001719714,X0
945,MERRIMACK PHARMACEUTICALS INC,0001274792,MA
946,Merrion Pharmaceuticals LTD,0001394409,L2
947,"Mersana Therapeutics, Inc.",0001442836,MA
948,Merus Labs International Inc.,0001031516,A6
949,Merus N.V.,0001651311,P7
950,METABASIS THERAPEUTICS INC,0001053221,CA
951,"Metabolic Research, Inc.",0001081369,NV
952,"Metacrine, Inc.",0001634379,CA
953,MetaMorphix Inc.,0001289370,MD
954,"MetaStat, Inc.",0001404943,MA
955,"MGI GP, Inc.",0000918066,MD
956,MGI PHARMA INC,0000702131,MN
957,MICRO LABORATORIES INC,0001102276,RI
958,"MICROLIN BIO, INC.",0001590930,NY
959,Midatech Pharma Plc,0001643918,X0
960,Midatech Pharma US Inc.,0000919745,NC
961,"MiddleBrook Pharmaceuticals, Inc.",0001161924,MD
962,MIGENIX Inc.,0000915458,A1
963,Milestone Pharmaceuticals Inc.,0001408443,A8
964,"Millendo Therapeutics, Inc.",0001544227,MI
965,"Millendo Therapeutics, Inc.",0001547547,MI
966,MILLENIA HOPE INC,0001060827,NY
967,MILLENIA HOPE PHARMACEUTICALS INC.,0001374751,A8
968,MILLENNIUM PHARMACEUTICALS INC,0001002637,MA
969,"Minerva Neurosciences, Inc.",0001598646,MA
970,"MINRAD INTERNATIONAL, INC.",0001121225,NY
971,"Mirati Therapeutics, Inc.",0001576263,CA
972,MIRAVANT MEDICAL TECHNOLOGIES,0000933745,CA
973,"Mirum Pharmaceuticals, Inc.",0001759425,CA
974,MITOKOR,0001134433,CA
975,"MIX 1 LIFE, INC.",0001501112,AZ
976,MO Y JOSEPH,0001055374, 
977,"Modern Mobility Aids, Inc.",0001497165,A6
978,"Molecular Insight Pharmaceuticals, Inc.",0001340752,MA
979,Molecular Pharmacology (USA) Ltd.,0001191357,C3
980,"Molecular Templates, Inc.",0001183765,TX
981,"Moleculin Biotech, Inc.",0001659617,TX
982,Monopar Therapeutics,0001645469,IL
983,MORONEY JOHN J,0001057265, 
984,"Morphic Holding, Inc.",0001679363,MA
985,MorphoSys AG,0001340243,2M
986,Mosaic Nutraceuticals Corp.,0001332832,TX
987,Motif Bio plc,0001674657,X0
988,"MultiCell Technologies, Inc.",0000811779,RI
989,MultiVir Inc.,0001613490,TX
990,MusclePharm Corp,0001415684,CO
991,"MUSTANG BIO, INC.",0001680048,NY
992,Mylan II B.V.,0001623613,X0
993,MYLAN INC.,0000069499,PA
994,MYOGEN INC,0001101052,CO
995,"MyoKardia, Inc.",0001552451,CA
996,Myovant Sciences Ltd.,0001679082,X0
997,"Myrexis, Inc.",0001459450,NY
998,Mystic Holdings Inc./NV,0001790320,NV
999,Nabriva Therapeutics Legacy plc,0001703287,L2
1000,Nabriva Therapeutics plc,0001641640,L2
1001,NANOBAC PHARMACEUTICALS INC,0000925894,FL
1002,Nanobiotix S.A.,0001760854,I0
1003,"NANOVIRICIDES, INC.",0001379006,CT
1004,NAPO PHARMACEUTICALS INC,0001188290,CA
1005,Nascent Biotech Inc.,0001622057,CA
1006,NATIONWIDE CAPITAL CORP,0001130276,TX
1007,NATURADE INC,0000797167,CA
1008,"Natural Alternative Products, Inc.",0001083407,NV
1009,NATURALLY SPLENDID ENTERPRISES LTD.,0001590875,A1
1010,NATURES SUNSHINE PRODUCTS INC,0000275053,UT
1011,"Nautilus Holdco, Inc.",0001732004,NC
1012,NBTY INC,0000070793,NY
1013,NEKTAR THERAPEUTICS,0000906709,CA
1014,NEOGENESIS PHARMACEUTICALS INC,0001161978,MA
1015,"Neoleukin Therapeutics, Inc.",0001404644,WA
1016,"Neos Therapeutics, Inc.",0001467652,TX
1017,"NephroGenex, Inc.",0001338095,PA
1018,Neptune Wellness Solutions Inc.,0001401395,A8
1019,"NeuBase Therapeutics, Inc.",0001173281,PA
1020,"Neurmedix, Inc.",0001704466,CA
1021,"Neuro-Hitech, Inc.",0001328511,FL
1022,"NeuroBo Pharmaceuticals, Inc.",0001638287,MA
1023,NeuroDerm Ltd.,0001598696,L3
1024,NEUROGEN CORP,0000849043,CT
1025,NEUROGENESIS INC,0000848071,TX
1026,NeurogesX Inc,0001385830,CA
1027,NEUROLOGIX INC/DE,0000356591,NJ
1028,"NEUROPATHIX, INC.",0001615999,PA
1029,"NeuroRx, Inc.",0001679768,DE
1030,"Neurotrope, Inc.",0001513856,NY
1031,NEW DYNAMIC MARKETING INC,0001255882,FL
1032,NEW RIVER PHARMACEUTICALS INC,0001288379,VA
1033,NEWMAN JAMES W,0001024011,CA
1034,Newsummit Biopharma Holdings Ltd,0001528904,F4
1035,NEXELL THERAPEUTICS INC,0000864009,CA
1036,"NEXIEN BIOPHARMA, INC.",0001625288,CO
1037,"NexImmune, Inc.",0001538210,MD
1038,NEXSTAR PHARMACEUTICALS INC,0000915359,CO
1039,"NextCure, Inc.",0001661059,MD
1040,NEXUS BIOPHARMA INC,0001424151,TX
1041,Nexvet Biopharma plc,0001618561,L2
1042,NGM BIOPHARMACEUTICALS INC,0001426332,CA
1043,NICHE PHARMACEUTICALS INC,0001028697,TX
1044,NITROMED INC,0000927829,MA
1045,"Nkarta, Inc.",0001787400,CA
1046,NLS Pharmaceutics Ltd.,0001783036,V8
1047,NORTHWEST BIOTHERAPEUTICS INC,0001072379,MD
1048,NOVA PHARMACEUTICAL INC,0001089612,CA
1049,"NovaBay Pharmaceuticals, Inc.",0001389545,CA
1050,NovaCardia Inc,0001322494,CA
1051,NOVADEL PHARMA INC,0001043873,NJ
1052,"Novan, Inc.",0001467154,NC
1053,NOVARTIS AG,0001114448,V8
1054,Novartis Capital CORP,0001443411,NY
1055,NOVELION THERAPEUTICS INC.,0000827809,A1
1056,NOVEN PHARMACEUTICALS INC,0000815838,FL
1057,NOVO NORDISK A S,0000353278,G7
1058,NSA INTERNATIONAL INC,0000850036,TN
1059,NuCana plc,0001709626,X0
1060,"NUGENEREX IMMUNO-ONCOLOGY, INC.",0001804585,FL
1061,NUPATHE INC.,0001375200,PA
1062,"Nurix Therapeutics, Inc.",0001549595,CA
1063,Nutra Biopharma Corp.,0001461583,CA
1064,NUTRAMAX PRODUCTS INC /DE/,0000818467,MA
1065,"NUTRI PHARMACEUTICALS RESEARCH, INC.",0001312211,NV
1066,Nutritional High International Inc,0001665503,A6
1067,Nuvation Bio Inc.,0001811063,CA
1068,Oasmia Pharmaceutical AB,0001607245,V7
1069,"Obagi Medical Products, Inc.",0001375247,CA
1070,ObsEva SA,0001685316,V8
1071,"Ocata Therapeutics, Inc.",0001140098,MA
1072,"Ocean Biomedical, Inc.",0001836612,RI
1073,"Ocera Therapeutics, Inc.",0001274644,CA
1074,"Ocugen, Inc.",0001696601,PA
1075,"OCULAR THERAPEUTIX, INC",0001393434,MA
1076,OCULEX PHARMACEUTICALS INC /,0001110669,CA
1077,"Ocuphire Pharma, Inc.",0001228627,MI
1078,"Odonate Therapeutics, Inc.",0001717452,NY
1079,OFFEN CHRISTOPHER,0001133257,GA
1080,Old API Wind-down Ltd.,0001660719,A1
1081,"Olema Pharmaceuticals, Inc.",0001750284,CA
1082,OMEROS CORP,0001285819,WA
1083,OMNI NUTRACEUTICALS,0000857353,CA
1084,"Omnimmune Holdings, Inc.",0001403602,TX
1085,OMP INC,0001126476,CA
1086,"Omthera Pharmaceuticals, Inc.",0001477598,NJ
1087,ONCOGENEX TECHNOLOGIES INC,0001266677,A1
1088,"Oncolix, Inc.",0001584137,TX
1089,ONCOLYTICS BIOTECH INC,0001129928,A0
1090,OncoMed Pharmaceuticals Inc,0001302573,CA
1091,"Onconova Therapeutics, Inc.",0001130598,PA
1092,"Oncorus, Inc.",0001671818,MA
1093,ONCOSEC MEDICAL Inc,0001444307,NJ
1094,"Oncotelic Therapeutics, Inc.",0000908259,CA
1095,"ONCOVISTA INNOVATIVE THERAPIES, INC",0001094847,TX
1096,"Oncternal Therapeutics, Inc.",0001260990,CA
1097,"One World Pharma, Inc.",0001622244,NV
1098,"OPIANT PHARMACEUTICALS, INC.",0001385508,CA
1099,"OPKO HEALTH, INC.",0000944809,FL
1100,"Optec International, Inc.",0001557340,CA
1101,OPTIMER PHARMACEUTICALS INC,0001142576,NJ
1102,"OptiNose, Inc.",0001494650,PA
1103,"Or-Ion Products, Inc.",0001452419,TX
1104,Oracle Healthcare Acquisition Corp.,0001338648,CT
1105,ORAGENICS INC,0001174940,FL
1106,ORAMED PHARMACEUTICALS INC.,0001176309,NY
1107,ORAPHARMA INC,0001028065,PA
1108,"Orexigen Therapeutics, Inc.",0001382911,CA
1109,ORGANIGRAM HOLDINGS INC.,0001620737,A3
1110,Organogenesis Holdings Inc.,0001661181,MA
1111,Organon & Co.,0001821825,NJ
1112,Orgenesis Inc.,0001460602,MD
1113,"Oric Pharmaceuticals, Inc.",0001796280,CA
1114,ORPHAN MEDICAL INC,0000929548,MN
1115,Orphazyme A/S,0001764791,G7
1116,Orthogonal Thinker Inc.,0001728664,HI
1117,OSCIENT PHARMACEUTICALS CORP,0000356830,MA
1118,Osmotica Pharmaceuticals plc,0001739426,NJ
1119,"Osteologix, Inc.",0001278129,VA
1120,"OTONOMY, INC.",0001493566,CA
1121,Ovid Therapeutics Inc.,0001636651,NY
1122,OYSTER CREEK GROUP INC,0001094918,TX
1123,"Pacira BioSciences, Inc.",0001396814,NJ
1124,PAINREFORM LTD.,0001801834,L3
1125,PALATIN TECHNOLOGIES INC,0000911216,NJ
1126,PALMISANO ROBERT J,0001138646, 
1127,"Panbela Therapeutics, Inc.",0001029125,MN
1128,"Pandion Therapeutics, Inc.",0001807901,MA
1129,"PAR PHARMACEUTICAL COMPANIES, INC.",0000878088,NY
1130,"PAR PHARMACEUTICAL HOLDINGS, INC.",0001559149,NY
1131,PAR PHARMACEUTICAL INC,0000728351,NY
1132,PARATEK PHARMACEUTICALS INC,0001037643,MA
1133,"Paratek Pharmaceuticals, Inc.",0001178711,MA
1134,Parnell Pharmaceuticals Holdings Ltd,0001603429,C3
1135,PATHEON INC,0001400431,NC
1136,Patheon N.V.,0001643848,P7
1137,PATHOGENESIS CORP,0001001186,WA
1138,"PaxMedica, Inc.",0001811623,NJ
1139,PDK LABS INC,0000855352,NY
1140,PDS Biotechnology Corp,0001472091,NJ
1141,"PEAK PHARMACEUTICALS, INC.",0001452804,AZ
1142,PENEDERM INC,0000858876,CA
1143,PENINSULA PHARMACEUTICALS INC,0001145975,CA
1144,PENWEST PHARMACEUTICALS CO,0001047188,NY
1145,PEPLIN INC,0001408808,CA
1146,PERARDUA CORP,0001022482,VA
1147,PERFORMANCE HEALTH HOLDINGS CORP.,0001612047,OH
1148,"Pernix Sleep, Inc.",0001339455,CA
1149,"PERNIX THERAPEUTICS HOLDINGS, INC.",0001024126,NJ
1150,PERRIGO CO,0000820096,MI
1151,PERRIGO Co plc,0001585364,L2
1152,Perrigo Finance Unlimited Co,0001323993,L2
1153,"PETRO USA, INC.",0000745543,NY
1154,"Petros Pharmaceuticals, Inc.",0001815903,DC
1155,Pfenex Inc.,0001478121,CA
1156,PFIZER INC,0000078003,NY
1157,Phage Biotechnology CORP,0001341497,NV
1158,PHARMA PATCH PUBLIC LIMITED CO,0000913668,L2
1159,PHARMACEUTICAL FORMULATIONS INC,0000353827,NJ
1160,PHARMACIA & UPJOHN INC,0000949573,NJ
1161,PHARMACIA CORP,0000355942,V7
1162,PHARMACYCLICS INC,0000949699,CA
1163,PHARMAGENICS INC /DE/,0000887139,NJ
1164,PHARMAPRINT INC,0000935155,CA
1165,Pharmasset Inc,0001301081,NJ
1166,PHARMAVENE INC,0000873269,MD
1167,Pharmaxis Ltd.,0001301357,C3
1168,"PharMEDium Healthcare Holdings, Inc.",0001598816,IL
1169,Pharming Group N.V.,0001828316,P7
1170,PHARMION CORP,0001203866,CO
1171,PHARMOS CORP,0000713275,NV
1172,Pharvaris N.V.,0001830487,P7
1173,PhaseBio Pharmaceuticals Inc,0001169245,PA
1174,"PHASERX, INC.",0001429386,WA
1175,"Phathom Pharmaceuticals, Inc.",0001783183,NJ
1176,Phenomix CORP,0001424342,CA
1177,PHIBRO ANIMAL HEALTH CORP,0001069899,NJ
1178,Phio Pharmaceuticals Corp.,0001533040,MA
1179,"PIERIS PHARMACEUTICALS, INC.",0001583648,MA
1180,PILOT THERAPEUTICS HOLDINGS INC,0001098960,NC
1181,"Plandai Biotechnology, Inc.",0001317880,UT
1182,"PLIANT THERAPEUTICS, INC.",0001746473,CA
1183,PLX PHARMA INC.,0001291520,TX
1184,PLx Pharma Inc.,0001497504,NJ
1185,PML INC,0000890448,OR
1186,"PMV Pharmaceuticals, Inc.",0001699382,NJ
1187,Podium Venture Group Inc,0001379055,ME
1188,Point NewCo Inc.,0001753056,WA
1189,POLYMEDICA CORP,0000878748,MA
1190,"POLYMEDIX, INC",0001341843,PA
1191,"PONIARD PHARMACEUTICALS, INC.",0000755806,CA
1192,PORTOLA PHARMACEUTICALS INC,0001269021,CA
1193,POZEN INC /NC,0001059790,NC
1194,PRAECIS PHARMACEUTICALS INC,0001033025,MA
1195,"Praxis Precision Medicines, Inc.",0001689548,MA
1196,Praxsyn Corp,0001346973,NV
1197,"PRECIGEN, INC.",0001356090,MD
1198,"PREDICTIVE TECHNOLOGY GROUP, INC.",0001382943,UT
1199,PREDIX PHARMACEUTICALS HOLDINGS INC,0001044487,MA
1200,Prelude Therapeutics Inc,0001678660,DE
1201,"Prescott Holdings, Inc.",0001511091,TN
1202,"Prestige Brands International, LLC",0001295522,NY
1203,"Prestige Brands, Inc.",0001293894,NY
1204,Prestige Consumer Healthcare Inc.,0001295947,NY
1205,PRESTWICK PHARMACEUTICALS INC,0001222761,DC
1206,PRETTYMAN CHARLES W,0001024012,CA
1207,Primus Therapeutics Inc.,0001501467,NJ
1208,Principia Biopharma Inc.,0001510487,CA
1209,PRO NUTRISOURCE INC.,0001469289,A8
1210,"Processa Pharmaceuticals, Inc.",0001533743,MD
1211,PROCYON CORP,0000812306,FL
1212,PROCYTE CORP /WA/,0000856072,WA
1213,PROEHL GERALD T,0001279191,CA
1214,PROGENICS PHARMACEUTICALS INC,0000835887,NY
1215,Prohibition Brands,0001568943,CA
1216,"PROLOR Biotech, Inc.",0001268659,L3
1217,"Prometheus Biosciences, Inc.",0001718852,CA
1218,PROMETHEUS LABORATORIES INC,0001141961,CA
1219,"Propanc Biopharma, Inc.",0001517681,C3
1220,"ProPhase Labs, Inc.",0000868278,NY
1221,ProQR Therapeutics N.V.,0001612940,P7
1222,Prosensa Holding N.V. in liquidatie,0001574111,P7
1223,"Protagonist Therapeutics, Inc",0001377121,CA
1224,PROTARGA INC,0001115616,PA
1225,"Protea Biosciences Group, Inc.",0001335103,WV
1226,Protech Global Holdings Corp.,0001398731,FL
1227,PROTECT PHARMACEUTICAL Corp,0001493526,NV
1228,PROTEO INC,0001063104,CA
1229,"PROTEONOMIX, INC.",0001469559,NJ
1230,PROTHENA CORP PUBLIC LTD CO,0001559053,L2
1231,PROTHERICS PLC,0000945725,X0
1232,"ProtoKinetix, Inc.",0001128189,OH
1233,"PROVECTUS BIOPHARMACEUTICALS, INC.",0000315545,TN
1234,"Provention Bio, Inc.",0001695357,NJ
1235,"PTC THERAPEUTICS, INC.",0001070081,NJ
1236,"Pulmatrix, Inc.",0001574235,MA
1237,"PUMA BIOTECHNOLOGY, INC.",0001401667,CA
1238,Puramed Bioscience Inc.,0001409565,WI
1239,"Pure Minerals, Inc.",0001364326,NY
1240,PureTech Health plc,0001782999,MA
1241,PURPLE BIOTECH LTD.,0001614744,L3
1242,PyroGenesis Canada Inc.,0001743344,A8
1243,Q BioMed Inc.,0001596062,NY
1244,"Q Therapeutics, Inc.",0001366541,UT
1245,Qilian International Holding Group Ltd,0001779578,F4
1246,Quadrant Biosciences Inc,0001651239,NY
1247,"Qualigen Therapeutics, Inc.",0001460702,CA
1248,QUARK PHARMACEUTICALS INC,0000920189,CA
1249,QUATRX PHARMACEUTICALS Co,0001166029,MI
1250,QUESTCOR PHARMACEUTICALS INC,0000891288,CA
1251,"Ra Pharmaceuticals, Inc.",0001481512,MA
1252,RADIENT PHARMACEUTICALS Corp,0000838879,CA
1253,"Radius Health, Inc.",0001428522,MA
1254,Rain Therapeutics Inc.,0001724979,CA
1255,"Rainier Therapeutics, Inc.",0001605096,CA
1256,RAMSEIER GORDON V,0001024005,CA
1257,Rapid Nutrition PLC,0001833089,X0
1258,"Rapid Therapeutic Science Laboratories, Inc.",0001575659,TX
1259,"RAPT Therapeutics, Inc.",0001673772,CA
1260,RAPTOR PHARMACEUTICALS CORP.,0001203944,CA
1261,Rasna Therapeutics Inc.,0001582249,NY
1262,Realm Therapeutics plc,0001718903,X0
1263,REATA PHARMACEUTICALS INC,0001358762,TX
1264,RECEPTECH CORP,0000855611,WA
1265,"Receptos, Inc.",0001463729,CA
1266,"Recro Pharma, Inc.",0001588972,PA
1267,RedHill Biopharma Ltd.,0001553846,L3
1268,"Redwood Scientific Technologies, Inc.",0001634394,CA
1269,Regen BioPharma Inc,0001589150,CA
1270,"REGENERON PHARMACEUTICALS, INC.",0000872589,NY
1271,REGENERX BIOPHARMACEUTICALS INC,0000707511,MD
1272,"RegenoCELL Therapeutics, Inc.",0001221749,MA
1273,Regulus Therapeutics Inc.,0001505512,CA
1274,"Reliant Pharmaceuticals, Inc.",0001290864,NJ
1275,RELIV INTERNATIONAL INC,0000768710,MO
1276,"RELMADA THERAPEUTICS, INC.",0001553643,NY
1277,Relypsa Inc,0001416792,CA
1278,"RemeGenix, Inc.",0001561468,MD
1279,"Reneo Pharmaceuticals, Inc.",0001637715,CA
1280,RENOVIS INC,0001118361,CA
1281,Repare Therapeutics Inc.,0001808158,A8
1282,RespireRx Pharmaceuticals Inc.,0000849636,NJ
1283,"RESPONSE SCIENTIFIC, INC.",0001584862,NJ
1284,RESTORAGEN INC,0000910133,NE
1285,"Revance Therapeutics, Inc.",0001479290,TN
1286,"Revelation Biosciences, Inc",0001812479,CA
1287,"REVIVA PHARMACEUTICALS HOLDINGS, INC.",0001742927,CA
1288,REXALL SUNDOWN INC,0000901620,FL
1289,"Rezolute, Inc.",0001509261,CA
1290,"Rhythm Holding Company, LLC",0001581617,MA
1291,"RHYTHM PHARMACEUTICALS, INC.",0001649904,MA
1292,"Rib-X Pharmaceuticals, Inc.",0001164994,CT
1293,RIBAPHARM INC,0001116613,CA
1294,RICE KENNETH L JR,0001126350, 
1295,"Rich Pharmaceuticals, Inc.",0001504389,CA
1296,RIGEL PHARMACEUTICALS INC,0001034842,CA
1297,ROBERTS PHARMACEUTICAL CORP,0000853022,NJ
1298,"ROCKET PHARMACEUTICALS, INC.",0001281895,NY
1299,"ROCKWELL MEDICAL, INC.",0001041024,MI
1300,Rosetta Genomics Ltd.,0001362959,L3
1301,Royalty Pharma plc,0001802768,NY
1302,ROYCE LABORATORIES INC /FL/,0000789462,FL
1303,"RxElite, Inc.",0001346405,ID
1304,"S1 Biopharma, Inc.",0001613723,NY
1305,SAFETEK INTERNATIONAL INC,0000833080,L3
1306,"Sage Therapeutics, Inc.",0001597553,MA
1307,"Sagent Pharmaceuticals, Inc.",0001369786,IL
1308,Sagimet Biosciences Inc.,0001400118,CA
1309,"Salarius Pharmaceuticals, Inc.",0001615219,TX
1310,SALIX PHARMACEUTICALS LTD,0001009356,NC
1311,SALMEDIX INC,0001133181,CA
1312,"SANCILIO PHARMACEUTICALS COMPANY, INC.",0001641908,FL
1313,SANGUI BIOTECH INTERNATIONAL INC,0001104280,UT
1314,"Sankyo Co., Ltd.",0001318816, 
1315,SANO CORP,0001001259,FL
1316,Sanofi,0001121404,I0
1317,SANTARUS INC,0001172480,CA
1318,"Sarepta Therapeutics, Inc.",0000873303,MA
1319,"Satsuma Pharmaceuticals, Inc.",0001692830,CA
1320,Savara Inc,0001160308,TX
1321,SAVAS PETER G,0001127426, 
1322,"SAWAI GROUP HOLDINGS Co., Ltd.",0001816901,M0
1323,SCARLET HOLDING CORP,0001261580,NC
1324,SCHECHTER PAUL J MD PHD,0001126351,MA
1325,SCHEIN PHARMACEUTICAL INC,0000948929,NJ
1326,SCHEIN PHARMACEUTICAL INTERNATIONAL INC,0001054685,NJ
1327,SCHEIN PHARMACEUTICAL PA INC,0001054687,NJ
1328,SCHEIN PHARMACEUTICAL SERVICES CO,0001054689,NJ
1329,SCHERER R P CORP /DE/,0000855106,MI
1330,SCHERER R P INTERNATIONAL CORP,0000087243,MI
1331,"Schrodinger, Inc.",0001490978,NY
1332,SCICLONE PHARMACEUTICALS INC,0000880771,CA
1333,"SCIELE PHARMA, INC.",0001106773,GA
1334,SCIOS INC,0000726512,CA
1335,SciSparc Ltd./ADR,0001611746,L3
1336,Scopus BioPharma Inc.,0001772028,NY
1337,scPharmaceuticals Inc.,0001604950,MA
1338,SCRIPTGEN PHARMACEUTICALS INC,0000944753,MA
1339,SCYNEXIS INC,0001178253,NJ
1340,"SEELOS THERAPEUTICS, INC.",0001017491,NY
1341,SELECT THERAPEUTICS INC,0001037158,MA
1342,SELECTA BIOSCIENCES INC,0001453687,MA
1343,"SELLAS Life Sciences Group, Inc.",0001390478,NY
1344,"Sensei Biotherapeutics, Inc.",0001829802,MD
1345,SENSUS DRUG DEVELOPMENT CORP,0000949175,TX
1346,SEQUUS PHARMACEUTICALS INC,0000812444,CA
1347,"Seres Therapeutics, Inc.",0001609809,MA
1348,"Sesen Bio, Inc.",0001485003,MA
1349,"SGX PHARMACEUTICALS, INC.",0001125603,CA
1350,Shackelford Pharma Inc.,0001811112,A1
1351,SHAMAN PHARMACEUTICALS INC,0000891933,CA
1352,ShangPharma Corp,0001499470,F4
1353,"Shattuck Labs, Inc.",0001680367,TX
1354,"Shengtai Pharmaceutical, Inc.",0001295079,F4
1355,SHIRE FINANCE LTD,0001161960,X0
1356,Shire plc,0000936402,L2
1357,"Shuttle Pharmaceuticals, Inc.",0001685462,MD
1358,"Sibannac, Inc.",0001313938,AZ
1359,SIBIA NEUROSCIENCES INC,0001011065,CA
1360,SICOR INC,0000807873,CA
1361,"Sienna Biopharmaceuticals, Inc.",0001656328,CA
1362,"Sierra Oncology, Inc.",0001290149,A1
1363,SIGA TECHNOLOGIES INC,0001010086,NY
1364,"Sigilon Therapeutics, Inc.",0001821323,MA
1365,"SignPath Pharma, Inc.",0001455694,UT
1366,Silence Therapeutics plc,0001479615,X0
1367,Silenseed Ltd.,0001602634,L3
1368,"Silverback Therapeutics, Inc.",0001671858,WA
1369,Simcere Pharmaceutical Group,0001384360,F4
1370,"Sinobiopharma, Inc.",0001403612,NV
1371,SINOFRESH HEALTHCARE INC,0001171596,FL
1372,SINOPHARM INC,0001255764, 
1373,SINOVAC BIOTECH LTD,0001084201,F4
1374,Sio Gene Therapies Inc.,0001636050,NY
1375,"Sirion Holdings, Inc.",0001355015,FL
1376,SIRNA THERAPEUTICS INC,0000892112,CA
1377,"Sirtris Pharmaceuticals, Inc.",0001388775,MA
1378,SKINMEDICA INC,0001187545,CA
1379,"SKINVISIBLE, INC.",0001085277,NV
1380,"Skye Bioscience, Inc.",0001516551,CA
1381,SKYE LIFE VENTURES LTD.,0001731911,A1
1382,SKYEPHARMA PLC,0001018117,X0
1383,SKYSTAR BIO-PHARMACEUTICAL CO,0001076939,F4
1384,SMC VENTURES INC,0000934801,A1
1385,SMITH CHARLES G,0001024006,CA
1386,SMITHKLINE BEECHAM CORP,0000091283,PA
1387,SMITHKLINE BEECHAM HOLDINGS CORP,0001017691,DE
1388,SMITHKLINE BEECHAM PLC,0000850695,X0
1389,SNYDER MEL,0001128327,MA
1390,SOL Global Investments Corp.,0001710138,A6
1391,Sol-Gel Technologies Ltd.,0001684693,L3
1392,"SOLIGENIX, INC.",0000812796,NJ
1393,Somanta Pharmaceuticals Inc.,0000888671,CA
1394,"Sonnet BioTherapeutics Holdings, Inc.",0001106838,NJ
1395,"Sonoma Pharmaceuticals, Inc.",0001367083,GA
1396,SOPHIRIS BIO INC.,0001563855,CA
1397,SPATH WALTER F,0001024010,CA
1398,SPECTRUM PHARMACEUTICALS INC,0000831547,NV
1399,"Spero Therapeutics, Inc.",0001701108,MA
1400,SPI PHARMACEUTICALS INC,0000723046,CA
1401,SPIROS DEVELOPMENT CORP II INC,0001047600,CA
1402,Spotlight Innovation Inc.,0001388486,IA
1403,"SPRING PHARMACEUTICAL GROUP, INC.",0000847464,F4
1404,"SPRUCE BIOSCIENCES, INC.",0001683553,CA
1405,ST RENATUS LLC,0001433959,CO
1406,SteadyMed Ltd.,0001619087,L3
1407,Stealth BioTherapeutics Corp,0001696396,E9
1408,STEMLINE THERAPEUTICS INC,0001264587,NY
1409,STERIS LABORATORIES INC,0001054693,NJ
1410,Stocosil Inc.,0001645554,CA
1411,"Stoke Therapeutics, Inc.",0001623526,MA
1412,Strongbridge Biopharma plc,0001634432,PA
1413,"Sucampo Pharmaceuticals, Inc.",0001365216,MD
1414,SUMMA RX LABORATORIES INC,0000777517,TX
1415,Summit Therapeutics Inc.,0001599298,MA
1416,SUN PHARMACEUTICAL INDUSTRIES LTD,0001197089,K7
1417,SUNOVION CNS DEVELOPMENT CANADA ULC,0001532079,A6
1418,Sunovion Pharmaceuticals Inc.,0000877357,MA
1419,SUNPHARM CORPORATION,0000884888,FL
1420,Sunset Island Group,0001689066,CA
1421,"SUNWIN STEVIA INTERNATIONAL, INC.",0000806592,F4
1422,"SUPERNUS PHARMACEUTICALS, INC.",0001356576,MD
1423,SWISS MEDICA INC,0000318245,A1
1424,SYBLEU Inc,0001818674,WY
1425,"Synaptogenix, Inc.",0001571934,NY
1426,Syndax Pharmaceuticals Inc,0001395937,MA
1427,SYNERGY PHARMACEUTICALS LLC,0001347613,NY
1428,"SYNLOGIC, INC.",0001527599,MA
1429,SYNTEX CORP,0000096000,CA
1430,"Synthetic Biologics, Inc.",0000894158,MD
1431,"Synthorx, Inc.",0001609727,CA
1432,"Synvista Therapeutics, Inc.",0000878903,NJ
1433,"Syros Pharmaceuticals, Inc.",0001556263,MA
1434,"Taiwan Liposome Company, Ltd.",0001722890,F5
1435,TAKEDA PHARMACEUTICAL CO LTD,0001395064,M0
1436,Talecris Biotherapeutics Holdings Corp.,0001405197,NC
1437,"Talon Therapeutics, Inc.",0001140028,CA
1438,TANOX INC,0001099414,TX
1439,Targanta Therapeutics Corp.,0001398161,MA
1440,"Targeted Medical Pharma, Inc.",0001420030,CA
1441,TARO PHARMACEUTICAL INDUSTRIES LTD,0000906338,L3
1442,"Teligent, Inc.",0000352998,NJ
1443,TELIOS PHARMACEUTICALS INC,0000848207,CA
1444,"TENAX THERAPEUTICS, INC.",0000034956,NC
1445,TERCICA INC,0001262175,CA
1446,"Terns Pharmaceuticals, Inc.",0001831363,CA
1447,"TESARO, Inc.",0001491576,MA
1448,"TETRAGENEX PHARMACEUTICALS, INC.",0001362659,NJ
1449,TETRALOGIC PHARMACEUTICALS Corp,0001361248,NY
1450,TETRAPHASE PHARMACEUTICALS INC,0001373707,MA
1451,TEVA PHARMACEUTICAL FINANCE CO B.V.,0001347410,P8
1452,"TEVA PHARMACEUTICAL FINANCE COMPANY, LLC",0001347409,PA
1453,TEVA PHARMACEUTICAL FINANCE II LLC,0001272772,NY
1454,TEVA PHARMACEUTICAL FINANCE III BV,0001272780,NY
1455,TEVA PHARMACEUTICAL FINANCE IV B.V.,0001527029,P8
1456,"Teva Pharmaceutical Finance IV, LLC",0001451275,PA
1457,TEVA PHARMACEUTICAL FINANCE LLC,0001133686,PA
1458,TEVA PHARMACEUTICAL FINANCE NV,0001161052,P8
1459,TEVA PHARMACEUTICAL INDUSTRIES LTD,0000818686,L3
1460,"TFF Pharmaceuticals, Inc.",0001733413,TX
1461,"TG THERAPEUTICS, INC.",0001001316,NY
1462,THAR PHARMACEUTICALS INC,0001428369,PA
1463,"THAT MARKETING SOLUTION, INC.",0001557796,UT
1464,"TheraBiogen, Inc.",0001405286,NY
1465,"THERALINK TECHNOLOGIES, INC.",0001362703,LA
1466,THERAPEUTIC DISCOVERY CORP,0000899753,CA
1467,Therapeutics Acquisition Corp.,0001811764,MA
1468,"TherapeuticsMD, Inc.",0000025743,FL
1469,THERATECH INC /DE/,0000885015,UT
1470,Theratechnologies Inc.,0001512717,A8
1471,"Theravance Biopharma, Inc.",0001583107,E9
1472,THERION BIOLOGICS CORPORATION /MA/,0000885545,MA
1473,"Thomas Pharmaceuticals, Ltd.",0001391428,NJ
1474,"Tian'an Pharmaceutical Co., Ltd.",0001366581,F4
1475,"TIANYIN PHARMACEUTICAL CO., INC.",0001362718,F4
1476,"TIBET PHARMACEUTICALS, INC.",0001489077,K3
1477,TIENS BIOTECH GROUP USA INC,0001168556,F4
1478,TiGenix NV,0001581987,C9
1479,"Timber Pharmaceuticals, Inc.",0001504167,NJ
1480,Tiziana Life Sciences plc,0001723069,X0
1481,"Tobira Therapeutics, Inc.",0001311596,CA
1482,"Tobira Therapeutics, Inc.",0001409690,CA
1483,TOLERRX INC,0001131933,MA
1484,TONGJITANG CHINESE MEDICINES CO,0001386608,F4
1485,"Tongli Pharmaceuticals (USA), Inc.",0001052284,NY
1486,Tonix Pharmaceuticals Holding Corp.,0001430306,NJ
1487,"Torque Lifestyle Brands, Inc.",0001822529,NY
1488,Tottenham Acquisition I Ltd,0001731176,K3
1489,TOWER ONE WIRELESS CORP.,0001579026,A1
1490,TRAMONTANA JOHN G,0001033651,OH
1491,"Transcode Therapeutics, Inc.",0001829635,MA
1492,TRANSDERM LABORATORIES CORP,0000948704,PA
1493,"Travere Therapeutics, Inc.",0001438533,CA
1494,TREVENA INC,0001429560,PA
1495,"Trevi Therapeutics, Inc.",0001563880,CT
1496,TRIANGLE PHARMACEUTICALS INC,0001022622,NC
1497,Tribute Pharmaceuticals Canada Inc.,0001159019,A6
1498,"Tricida, Inc.",0001595585,CA
1499,Trillium Therapeutics Inc.,0001616212,A6
1500,Trius Therapeutics Inc,0001356857,CA
1501,"Trubion Pharmaceuticals, Inc",0001298521,WA
1502,TULARIK INC,0000889057,CA
1503,"Turning Point Therapeutics, Inc.",0001595893,CA
1504,"TYME TECHNOLOGIES, INC.",0001537917,NJ
1505,TZF INTERNATIONAL INVESTMENTS INC,0001116350,CO
1506,U S BIOSCIENCE INC,0000847562,PA
1507,UCB S.A.,0001290640,GA
1508,Ultragenyx Pharmaceutical Inc.,0001515673,CA
1509,ULURU Inc.,0001168220,TX
1510,UNIMED PHARMACEUTICALS INC,0000100759,IL
1511,uniQure N.V.,0001590560,P7
1512,United Cannabis Corp,0001436161,CO
1513,UNITED THERAPEUTICS Corp,0001082554,MD
1514,"Unity Biotechnology, Inc.",0001463361,CA
1515,Universe Pharmaceuticals INC,0001809616,F4
1516,UPJOHN CO,0000102237,MI
1517,"Urigen Pharmaceuticals, Inc.",0000932352,NJ
1518,UroGen Pharma Ltd.,0001668243,L3
1519,Urovant Sciences Ltd.,0001740547,CA
1520,"VACCINEX, INC.",0001205922,NY
1521,VACCINOGEN INC,0001453001,MD
1522,Vaccitech plc,0001828185,X0
1523,VALEANT PHARMACEUTICALS INTERNATIONAL,0000930184,CA
1524,Valera Pharmaceuticals Inc,0001305409,NJ
1525,"Vallon Pharmaceuticals, Inc.",0001824293,PA
1526,VAN DER HAVE FREDERIK VINCENT,0001279205,CA
1527,Vanda Pharmaceuticals Inc.,0001347178,DC
1528,Vascular Biogenics Ltd.,0001603207,L3
1529,VASO ACTIVE PHARMACEUTICALS INC,0001232400,MA
1530,VBI Vaccines Inc/BC,0000764195,MA
1531,"Vector Therapeutics, Inc.",0001685616,NY
1532,"Vera Therapeutics, Inc.",0001831828,CA
1533,"Verastem, Inc.",0001526119,MA
1534,VEREX LABORATORIES INC/CO,0000716861,CO
1535,VERNALIS GROUP PLC,0001159329,X0
1536,VERNALIS PLC,0000851616,X0
1537,Verona Pharma plc,0001657312,X0
1538,Verrica Pharmaceuticals Inc.,0001660334,PA
1539,VERTEX PHARMACEUTICALS INC / MA,0000875320,MA
1540,VERU INC.,0000863894,FL
1541,VG Life Sciences Inc.,0001091326,CA
1542,VIA PHARMACEUTICALS INC (pre-merger),0001303387,CA
1543,ViaCyte Inc.,0001581903,CA
1544,"VIADERMA, INC.",0001435717,CA
1545,Viamet Pharmaceuticals Holdings LLC,0001538928,NC
1546,Viatris Inc,0001792044,PA
1547,"Vicapsys Life Sciences, Inc.",0001468639,GA
1548,VICURON PHARMACEUTICALS INC,0001052547,PA
1549,Vidara Therapeutics International Public Ltd Co,0001602949,D0
1550,"Viela Bio, Inc.",0001734517,MD
1551,"Viking Therapeutics, Inc.",0001607678,CA
1552,"Vincerx Pharma, Inc.",0001796129,CA
1553,"VININGS HOLDINGS, INC.",0001819663,GA
1554,"VioQuest Pharmaceuticals, Inc.",0000745788,NJ
1555,"Viracta Therapeutics, Inc.",0001061027,CA
1556,VIRAL GENETICS INC,0000353389,NY
1557,VIRBAC CORP,0000922814,TX
1558,"Vireo Health International, Inc.",0001771706,MN
1559,"Virios Therapeutics, Inc.",0001818844,GA
1560,Virobay Inc,0001374261,CA
1561,VIROLOGIX CORP,0001014613,NY
1562,VIROPHARMA INC,0000946840,PA
1563,"Virpax Pharmaceuticals, Inc.",0001708331,PA
1564,"VistaGen Therapeutics, Inc.",0001411685,CA
1565,"Visterra, Inc.",0001426375,MA
1566,"Vitae Pharmaceuticals, Inc",0001157602,PA
1567,VITAL LIVING INC,0001145700,AZ
1568,VITALSTATE INC,0001085106,NY
1569,VITAVEA INC.,0001324207,2M
1570,VIVUS INC,0000881524,CA
1571,vTv Therapeutics Inc.,0001641489,NC
1572,VYNE Therapeutics Inc.,0001566044,NJ
1573,"Vyrix Pharmaceuticals, Inc.",0001602413,CO
1574,"Vyteris Holdings, Inc.",0001308332,NJ
1575,"Vyteris, Inc.",0001139950,UT
1576,"Warner Chilcott (US), LLC",0001319899,NJ
1577,"Warner Chilcott Company, LLC",0001319903,NJ
1578,Warner Chilcott CORP,0001319893,NJ
1579,"Warner Chilcott Holdings CO III, LTD",0001319896,NJ
1580,Warner Chilcott Intermediate (Luxembourg) S.a.r.l.,0001331426,NJ
1581,Warner Chilcott Ltd,0001620602,D0
1582,WARNER CHILCOTT PLC,0001042459,L2
1583,WARNER CHILCOTT PLC,0001113445,NJ
1584,Warner Chilcott plc,0001323854,L2
1585,WARNER LAMBERT CO,0000104669,NJ
1586,Wave Life Sciences Ltd.,0001631574,U0
1587,WEIKANG BIO-TECH,0001365354, 
1588,"Wellness Center USA, Inc.",0001516887,IL
1589,"Werewolf Therapeutics, Inc.",0001785530,MA
1590,"Winston Pharmaceuticals, Inc.",0001302554,IL
1591,WOODBURY MITCHELL R,0001024013,CA
1592,WuXi PharmaTech (Cayman) Inc.,0001403132,F4
1593,WYETH,0000005187,NJ
1594,XANODYNE PHARMACEUTICALS INC,0001335480,KY
1595,XBiotech Inc.,0001626878,TX
1596,XCEL PHARMACEUTICALS INC,0001139665,CA
1597,"Xcelthera, INC.",0001588362,CA
1598,XEME Biopharma Holdings Inc.,0001775196,CA
1599,Xencor Inc,0001326732,CA
1600,"Xenetic Biosciences, Inc.",0001534525,MA
1601,Xenon Pharmaceuticals Inc.,0001582313,A1
1602,XENOPORT INC,0001130591,CA
1603,XERIS PHARMACEUTICALS INC,0001346302,IL
1604,XOMA Corp,0000791908,CA
1605,XOMA LTD,0001074404,CA
1606,"Xstelos Holdings, Inc.",0001540145,NY
1607,XTL BIOPHARMACEUTICALS LTD,0001023549,NY
1608,"XYNOMIC PHARMACEUTICALS HOLDINGS, INC.",0001697805,F4
1609,"Y-mAbs Therapeutics, Inc.",0001722964,NY
1610,YILOLIFE INC.,0001678097,AZ
1611,YM BIOSCIENCES INC,0001178347,A6
1612,"YUMANITY THERAPEUTICS, INC.",0001445283,MA
1613,ZABRISKIE JOHN L,0001128329, 
1614,Zai Lab Ltd,0001704292,F4
1615,"Zander Therapeutics, Inc",0001718644,CA
1616,Zann Corp,0001098329,MI
1617,"ZARS Pharma, Inc.",0001062536,UT
1618,Zealand Pharma A/S,0001674988,G7
1619,ZENITH LABORATORIES INC,0000109259,NJ
1620,"Zentalis Pharmaceuticals, Inc.",0001725160,NY
1621,"Zimmerman BioPharma Holding, Inc.",0001797807,TX
1622,ZIOPHARM ONCOLOGY INC,0001107421,MA
1623,"Znomics, Inc.",0001371473,OR
1624,Zoetis Inc.,0001555280,NJ
1625,"ZOGENIX, INC.",0001375151,CA
1626,Zomedica Corp.,0001684144,MI
1627,Zosano Pharma Corp,0001587221,CA
1628,"ZS Pharma, Inc.",0001459266,TX
1629,Zyla Life Sciences,0001586105,PA
1630,Zymeworks Inc.,0001403752,A1
1631,ZYNAXIS INC,0000864076,PA
1632,"Zynerba Pharmaceuticals, Inc.",0001621443,PA
